[
  {
    "name": "Process Start",
    "start": 1649857955395,
    "end": 1649857956499,
    "duration": 1104,
    "pid": 13896,
    "index": 0
  },
  {
    "name": "Application Start",
    "start": 1649857956500,
    "end": 1649857957458,
    "duration": 958,
    "pid": 13896,
    "index": 1
  },
  {
    "name": "Load Plugin",
    "start": 1649857956504,
    "end": 1649857956522,
    "duration": 18,
    "pid": 13896,
    "index": 2
  },
  {
    "name": "Load Config",
    "start": 1649857956522,
    "end": 1649857956543,
    "duration": 21,
    "pid": 13896,
    "index": 3
  },
  {
    "name": "Require(0) config/config.default.js",
    "start": 1649857956523,
    "end": 1649857956523,
    "duration": 0,
    "pid": 13896,
    "index": 4
  },
  {
    "name": "Require(1) node_modules/egg-session/config/config.default.js",
    "start": 1649857956524,
    "end": 1649857956525,
    "duration": 1,
    "pid": 13896,
    "index": 5
  },
  {
    "name": "Require(2) node_modules/egg-security/config/config.default.js",
    "start": 1649857956525,
    "end": 1649857956526,
    "duration": 1,
    "pid": 13896,
    "index": 6
  },
  {
    "name": "Require(3) node_modules/egg-jsonp/config/config.default.js",
    "start": 1649857956526,
    "end": 1649857956527,
    "duration": 1,
    "pid": 13896,
    "index": 7
  },
  {
    "name": "Require(4) node_modules/egg-onerror/config/config.default.js",
    "start": 1649857956527,
    "end": 1649857956528,
    "duration": 1,
    "pid": 13896,
    "index": 8
  },
  {
    "name": "Require(5) node_modules/egg-i18n/config/config.default.js",
    "start": 1649857956528,
    "end": 1649857956528,
    "duration": 0,
    "pid": 13896,
    "index": 9
  },
  {
    "name": "Require(6) node_modules/egg-watcher/config/config.default.js",
    "start": 1649857956529,
    "end": 1649857956529,
    "duration": 0,
    "pid": 13896,
    "index": 10
  },
  {
    "name": "Require(7) node_modules/egg-schedule/config/config.default.js",
    "start": 1649857956530,
    "end": 1649857956530,
    "duration": 0,
    "pid": 13896,
    "index": 11
  },
  {
    "name": "Require(8) node_modules/egg-multipart/config/config.default.js",
    "start": 1649857956531,
    "end": 1649857956531,
    "duration": 0,
    "pid": 13896,
    "index": 12
  },
  {
    "name": "Require(9) node_modules/egg-development/config/config.default.js",
    "start": 1649857956532,
    "end": 1649857956532,
    "duration": 0,
    "pid": 13896,
    "index": 13
  },
  {
    "name": "Require(10) node_modules/egg-logrotator/config/config.default.js",
    "start": 1649857956532,
    "end": 1649857956533,
    "duration": 1,
    "pid": 13896,
    "index": 14
  },
  {
    "name": "Require(11) node_modules/egg-static/config/config.default.js",
    "start": 1649857956533,
    "end": 1649857956534,
    "duration": 1,
    "pid": 13896,
    "index": 15
  },
  {
    "name": "Require(12) node_modules/egg-view/config/config.default.js",
    "start": 1649857956534,
    "end": 1649857956534,
    "duration": 0,
    "pid": 13896,
    "index": 16
  },
  {
    "name": "Require(13) node_modules/egg-mongoose/config/config.default.js",
    "start": 1649857956535,
    "end": 1649857956535,
    "duration": 0,
    "pid": 13896,
    "index": 17
  },
  {
    "name": "Require(14) node_modules/egg-validate/config/config.default.js",
    "start": 1649857956536,
    "end": 1649857956536,
    "duration": 0,
    "pid": 13896,
    "index": 18
  },
  {
    "name": "Require(15) node_modules/egg-cors/config/config.default.js",
    "start": 1649857956536,
    "end": 1649857956537,
    "duration": 1,
    "pid": 13896,
    "index": 19
  },
  {
    "name": "Require(16) node_modules/egg/config/config.default.js",
    "start": 1649857956537,
    "end": 1649857956537,
    "duration": 0,
    "pid": 13896,
    "index": 20
  },
  {
    "name": "Require(17) config/config.default.js",
    "start": 1649857956538,
    "end": 1649857956538,
    "duration": 0,
    "pid": 13896,
    "index": 21
  },
  {
    "name": "Require(18) node_modules/egg-security/config/config.local.js",
    "start": 1649857956539,
    "end": 1649857956539,
    "duration": 0,
    "pid": 13896,
    "index": 22
  },
  {
    "name": "Require(19) node_modules/egg-watcher/config/config.local.js",
    "start": 1649857956540,
    "end": 1649857956540,
    "duration": 0,
    "pid": 13896,
    "index": 23
  },
  {
    "name": "Require(20) node_modules/egg-view/config/config.local.js",
    "start": 1649857956541,
    "end": 1649857956541,
    "duration": 0,
    "pid": 13896,
    "index": 24
  },
  {
    "name": "Require(21) node_modules/egg/config/config.local.js",
    "start": 1649857956542,
    "end": 1649857956542,
    "duration": 0,
    "pid": 13896,
    "index": 25
  },
  {
    "name": "Load extend/application.js",
    "start": 1649857956544,
    "end": 1649857956559,
    "duration": 15,
    "pid": 13896,
    "index": 26
  },
  {
    "name": "Require(22) node_modules/egg-session/app/extend/application.js",
    "start": 1649857956544,
    "end": 1649857956545,
    "duration": 1,
    "pid": 13896,
    "index": 27
  },
  {
    "name": "Require(23) node_modules/egg-security/app/extend/application.js",
    "start": 1649857956545,
    "end": 1649857956546,
    "duration": 1,
    "pid": 13896,
    "index": 28
  },
  {
    "name": "Require(24) node_modules/egg-jsonp/app/extend/application.js",
    "start": 1649857956546,
    "end": 1649857956547,
    "duration": 1,
    "pid": 13896,
    "index": 29
  },
  {
    "name": "Require(25) node_modules/egg-logrotator/app/extend/application.js",
    "start": 1649857956550,
    "end": 1649857956555,
    "duration": 5,
    "pid": 13896,
    "index": 30
  },
  {
    "name": "Require(26) node_modules/egg-view/app/extend/application.js",
    "start": 1649857956555,
    "end": 1649857956557,
    "duration": 2,
    "pid": 13896,
    "index": 31
  },
  {
    "name": "Load extend/request.js",
    "start": 1649857956560,
    "end": 1649857956566,
    "duration": 6,
    "pid": 13896,
    "index": 32
  },
  {
    "name": "Require(27) node_modules/egg/app/extend/request.js",
    "start": 1649857956562,
    "end": 1649857956563,
    "duration": 1,
    "pid": 13896,
    "index": 33
  },
  {
    "name": "Load extend/response.js",
    "start": 1649857956566,
    "end": 1649857956572,
    "duration": 6,
    "pid": 13896,
    "index": 34
  },
  {
    "name": "Require(28) node_modules/egg/app/extend/response.js",
    "start": 1649857956568,
    "end": 1649857956570,
    "duration": 2,
    "pid": 13896,
    "index": 35
  },
  {
    "name": "Load extend/context.js",
    "start": 1649857956572,
    "end": 1649857956635,
    "duration": 63,
    "pid": 13896,
    "index": 36
  },
  {
    "name": "Require(29) node_modules/egg-security/app/extend/context.js",
    "start": 1649857956573,
    "end": 1649857956583,
    "duration": 10,
    "pid": 13896,
    "index": 37
  },
  {
    "name": "Require(30) node_modules/egg-jsonp/app/extend/context.js",
    "start": 1649857956583,
    "end": 1649857956584,
    "duration": 1,
    "pid": 13896,
    "index": 38
  },
  {
    "name": "Require(31) node_modules/egg-i18n/app/extend/context.js",
    "start": 1649857956585,
    "end": 1649857956585,
    "duration": 0,
    "pid": 13896,
    "index": 39
  },
  {
    "name": "Require(32) node_modules/egg-multipart/app/extend/context.js",
    "start": 1649857956586,
    "end": 1649857956628,
    "duration": 42,
    "pid": 13896,
    "index": 40
  },
  {
    "name": "Require(33) node_modules/egg-view/app/extend/context.js",
    "start": 1649857956629,
    "end": 1649857956630,
    "duration": 1,
    "pid": 13896,
    "index": 41
  },
  {
    "name": "Require(34) node_modules/egg-mongoose/app/extend/context.js",
    "start": 1649857956630,
    "end": 1649857956631,
    "duration": 1,
    "pid": 13896,
    "index": 42
  },
  {
    "name": "Require(35) node_modules/egg-validate/app/extend/context.js",
    "start": 1649857956631,
    "end": 1649857956631,
    "duration": 0,
    "pid": 13896,
    "index": 43
  },
  {
    "name": "Require(36) node_modules/egg/app/extend/context.js",
    "start": 1649857956632,
    "end": 1649857956633,
    "duration": 1,
    "pid": 13896,
    "index": 44
  },
  {
    "name": "Load extend/helper.js",
    "start": 1649857956635,
    "end": 1649857956669,
    "duration": 34,
    "pid": 13896,
    "index": 45
  },
  {
    "name": "Require(37) node_modules/egg-security/app/extend/helper.js",
    "start": 1649857956636,
    "end": 1649857956648,
    "duration": 12,
    "pid": 13896,
    "index": 46
  },
  {
    "name": "Require(38) node_modules/egg/app/extend/helper.js",
    "start": 1649857956650,
    "end": 1649857956651,
    "duration": 1,
    "pid": 13896,
    "index": 47
  },
  {
    "name": "Require(39) app/extend/helper.js",
    "start": 1649857956651,
    "end": 1649857956667,
    "duration": 16,
    "pid": 13896,
    "index": 48
  },
  {
    "name": "Load app.js",
    "start": 1649857956669,
    "end": 1649857956714,
    "duration": 45,
    "pid": 13896,
    "index": 49
  },
  {
    "name": "Require(40) node_modules/egg-session/app.js",
    "start": 1649857956670,
    "end": 1649857956670,
    "duration": 0,
    "pid": 13896,
    "index": 50
  },
  {
    "name": "Require(41) node_modules/egg-security/app.js",
    "start": 1649857956670,
    "end": 1649857956672,
    "duration": 2,
    "pid": 13896,
    "index": 51
  },
  {
    "name": "Require(42) node_modules/egg-onerror/app.js",
    "start": 1649857956672,
    "end": 1649857956678,
    "duration": 6,
    "pid": 13896,
    "index": 52
  },
  {
    "name": "Require(43) node_modules/egg-i18n/app.js",
    "start": 1649857956678,
    "end": 1649857956687,
    "duration": 9,
    "pid": 13896,
    "index": 53
  },
  {
    "name": "Require(44) node_modules/egg-watcher/app.js",
    "start": 1649857956689,
    "end": 1649857956704,
    "duration": 15,
    "pid": 13896,
    "index": 54
  },
  {
    "name": "Require(45) node_modules/egg-schedule/app.js",
    "start": 1649857956704,
    "end": 1649857956706,
    "duration": 2,
    "pid": 13896,
    "index": 55
  },
  {
    "name": "Require(46) node_modules/egg-multipart/app.js",
    "start": 1649857956706,
    "end": 1649857956706,
    "duration": 0,
    "pid": 13896,
    "index": 56
  },
  {
    "name": "Require(47) node_modules/egg-development/app.js",
    "start": 1649857956707,
    "end": 1649857956707,
    "duration": 0,
    "pid": 13896,
    "index": 57
  },
  {
    "name": "Require(48) node_modules/egg-logrotator/app.js",
    "start": 1649857956707,
    "end": 1649857956707,
    "duration": 0,
    "pid": 13896,
    "index": 58
  },
  {
    "name": "Require(49) node_modules/egg-static/app.js",
    "start": 1649857956708,
    "end": 1649857956708,
    "duration": 0,
    "pid": 13896,
    "index": 59
  },
  {
    "name": "Require(50) node_modules/egg-mongoose/app.js",
    "start": 1649857956708,
    "end": 1649857956709,
    "duration": 1,
    "pid": 13896,
    "index": 60
  },
  {
    "name": "Require(51) node_modules/egg-validate/app.js",
    "start": 1649857956712,
    "end": 1649857956713,
    "duration": 1,
    "pid": 13896,
    "index": 61
  },
  {
    "name": "Require(52) node_modules/egg-cors/app.js",
    "start": 1649857956713,
    "end": 1649857956714,
    "duration": 1,
    "pid": 13896,
    "index": 62
  },
  {
    "name": "Before Start in node_modules/egg-watcher/lib/init.js:15:14",
    "start": 1649857956722,
    "end": 1649857957458,
    "duration": 736,
    "pid": 13896,
    "index": 63
  },
  {
    "name": "Before Start in node_modules/egg-mongoose/lib/mongoose.js:104:7",
    "start": 1649857957231,
    "end": 1649857957455,
    "duration": 224,
    "pid": 13896,
    "index": 64
  },
  {
    "name": "Before Start in node_modules/egg-mongoose/lib/mongoose.js:52:9",
    "start": 1649857957231,
    "end": 1649857957433,
    "duration": 202,
    "pid": 13896,
    "index": 65
  },
  {
    "name": "Load Service",
    "start": 1649857957232,
    "end": 1649857957273,
    "duration": 41,
    "pid": 13896,
    "index": 66
  },
  {
    "name": "Load \"service\" to Context",
    "start": 1649857957232,
    "end": 1649857957273,
    "duration": 41,
    "pid": 13896,
    "index": 67
  },
  {
    "name": "Load Middleware",
    "start": 1649857957273,
    "end": 1649857957376,
    "duration": 103,
    "pid": 13896,
    "index": 68
  },
  {
    "name": "Load \"middlewares\" to Application",
    "start": 1649857957273,
    "end": 1649857957364,
    "duration": 91,
    "pid": 13896,
    "index": 69
  },
  {
    "name": "Load Controller",
    "start": 1649857957376,
    "end": 1649857957380,
    "duration": 4,
    "pid": 13896,
    "index": 70
  },
  {
    "name": "Load \"controller\" to Application",
    "start": 1649857957376,
    "end": 1649857957380,
    "duration": 4,
    "pid": 13896,
    "index": 71
  },
  {
    "name": "Load Router",
    "start": 1649857957380,
    "end": 1649857957383,
    "duration": 3,
    "pid": 13896,
    "index": 72
  },
  {
    "name": "Require(53) app/router.js",
    "start": 1649857957380,
    "end": 1649857957380,
    "duration": 0,
    "pid": 13896,
    "index": 73
  },
  {
    "name": "Before Start in node_modules/egg-core/lib/egg.js:303:10",
    "start": 1649857957381,
    "end": 1649857957433,
    "duration": 52,
    "pid": 13896,
    "index": 74
  },
  {
    "name": "Load \"model\" to Application",
    "start": 1649857957403,
    "end": 1649857957432,
    "duration": 29,
    "pid": 13896,
    "index": 75
  }
]