[
  {
    "name": "Process Start",
    "start": 1649858714527,
    "end": 1649858716542,
    "duration": 2015,
    "pid": 6860,
    "index": 0
  },
  {
    "name": "Application Start",
    "start": 1649858716545,
    "end": 1649858718329,
    "duration": 1784,
    "pid": 6860,
    "index": 1
  },
  {
    "name": "Load Plugin",
    "start": 1649858716558,
    "end": 1649858716591,
    "duration": 33,
    "pid": 6860,
    "index": 2
  },
  {
    "name": "Load Config",
    "start": 1649858716591,
    "end": 1649858716632,
    "duration": 41,
    "pid": 6860,
    "index": 3
  },
  {
    "name": "Require(0) config/config.default.js",
    "start": 1649858716592,
    "end": 1649858716593,
    "duration": 1,
    "pid": 6860,
    "index": 4
  },
  {
    "name": "Require(1) node_modules/egg-session/config/config.default.js",
    "start": 1649858716596,
    "end": 1649858716597,
    "duration": 1,
    "pid": 6860,
    "index": 5
  },
  {
    "name": "Require(2) node_modules/egg-security/config/config.default.js",
    "start": 1649858716598,
    "end": 1649858716599,
    "duration": 1,
    "pid": 6860,
    "index": 6
  },
  {
    "name": "Require(3) node_modules/egg-jsonp/config/config.default.js",
    "start": 1649858716600,
    "end": 1649858716601,
    "duration": 1,
    "pid": 6860,
    "index": 7
  },
  {
    "name": "Require(4) node_modules/egg-onerror/config/config.default.js",
    "start": 1649858716602,
    "end": 1649858716602,
    "duration": 0,
    "pid": 6860,
    "index": 8
  },
  {
    "name": "Require(5) node_modules/egg-i18n/config/config.default.js",
    "start": 1649858716603,
    "end": 1649858716604,
    "duration": 1,
    "pid": 6860,
    "index": 9
  },
  {
    "name": "Require(6) node_modules/egg-watcher/config/config.default.js",
    "start": 1649858716605,
    "end": 1649858716606,
    "duration": 1,
    "pid": 6860,
    "index": 10
  },
  {
    "name": "Require(7) node_modules/egg-schedule/config/config.default.js",
    "start": 1649858716607,
    "end": 1649858716608,
    "duration": 1,
    "pid": 6860,
    "index": 11
  },
  {
    "name": "Require(8) node_modules/egg-multipart/config/config.default.js",
    "start": 1649858716608,
    "end": 1649858716609,
    "duration": 1,
    "pid": 6860,
    "index": 12
  },
  {
    "name": "Require(9) node_modules/egg-development/config/config.default.js",
    "start": 1649858716611,
    "end": 1649858716611,
    "duration": 0,
    "pid": 6860,
    "index": 13
  },
  {
    "name": "Require(10) node_modules/egg-logrotator/config/config.default.js",
    "start": 1649858716612,
    "end": 1649858716613,
    "duration": 1,
    "pid": 6860,
    "index": 14
  },
  {
    "name": "Require(11) node_modules/egg-static/config/config.default.js",
    "start": 1649858716613,
    "end": 1649858716614,
    "duration": 1,
    "pid": 6860,
    "index": 15
  },
  {
    "name": "Require(12) node_modules/egg-view/config/config.default.js",
    "start": 1649858716615,
    "end": 1649858716616,
    "duration": 1,
    "pid": 6860,
    "index": 16
  },
  {
    "name": "Require(13) node_modules/egg-mongoose/config/config.default.js",
    "start": 1649858716617,
    "end": 1649858716617,
    "duration": 0,
    "pid": 6860,
    "index": 17
  },
  {
    "name": "Require(14) node_modules/egg-validate/config/config.default.js",
    "start": 1649858716618,
    "end": 1649858716619,
    "duration": 1,
    "pid": 6860,
    "index": 18
  },
  {
    "name": "Require(15) node_modules/egg-cors/config/config.default.js",
    "start": 1649858716619,
    "end": 1649858716620,
    "duration": 1,
    "pid": 6860,
    "index": 19
  },
  {
    "name": "Require(16) node_modules/egg/config/config.default.js",
    "start": 1649858716620,
    "end": 1649858716621,
    "duration": 1,
    "pid": 6860,
    "index": 20
  },
  {
    "name": "Require(17) config/config.default.js",
    "start": 1649858716624,
    "end": 1649858716624,
    "duration": 0,
    "pid": 6860,
    "index": 21
  },
  {
    "name": "Require(18) node_modules/egg-security/config/config.local.js",
    "start": 1649858716625,
    "end": 1649858716625,
    "duration": 0,
    "pid": 6860,
    "index": 22
  },
  {
    "name": "Require(19) node_modules/egg-watcher/config/config.local.js",
    "start": 1649858716627,
    "end": 1649858716627,
    "duration": 0,
    "pid": 6860,
    "index": 23
  },
  {
    "name": "Require(20) node_modules/egg-view/config/config.local.js",
    "start": 1649858716629,
    "end": 1649858716629,
    "duration": 0,
    "pid": 6860,
    "index": 24
  },
  {
    "name": "Require(21) node_modules/egg/config/config.local.js",
    "start": 1649858716631,
    "end": 1649858716631,
    "duration": 0,
    "pid": 6860,
    "index": 25
  },
  {
    "name": "Load extend/application.js",
    "start": 1649858716634,
    "end": 1649858716673,
    "duration": 39,
    "pid": 6860,
    "index": 26
  },
  {
    "name": "Require(22) node_modules/egg-session/app/extend/application.js",
    "start": 1649858716635,
    "end": 1649858716636,
    "duration": 1,
    "pid": 6860,
    "index": 27
  },
  {
    "name": "Require(23) node_modules/egg-security/app/extend/application.js",
    "start": 1649858716636,
    "end": 1649858716638,
    "duration": 2,
    "pid": 6860,
    "index": 28
  },
  {
    "name": "Require(24) node_modules/egg-jsonp/app/extend/application.js",
    "start": 1649858716640,
    "end": 1649858716645,
    "duration": 5,
    "pid": 6860,
    "index": 29
  },
  {
    "name": "Require(25) node_modules/egg-logrotator/app/extend/application.js",
    "start": 1649858716649,
    "end": 1649858716663,
    "duration": 14,
    "pid": 6860,
    "index": 30
  },
  {
    "name": "Require(26) node_modules/egg-view/app/extend/application.js",
    "start": 1649858716664,
    "end": 1649858716667,
    "duration": 3,
    "pid": 6860,
    "index": 31
  },
  {
    "name": "Load extend/request.js",
    "start": 1649858716673,
    "end": 1649858716685,
    "duration": 12,
    "pid": 6860,
    "index": 32
  },
  {
    "name": "Require(27) node_modules/egg/app/extend/request.js",
    "start": 1649858716679,
    "end": 1649858716681,
    "duration": 2,
    "pid": 6860,
    "index": 33
  },
  {
    "name": "Load extend/response.js",
    "start": 1649858716685,
    "end": 1649858716696,
    "duration": 11,
    "pid": 6860,
    "index": 34
  },
  {
    "name": "Require(28) node_modules/egg/app/extend/response.js",
    "start": 1649858716689,
    "end": 1649858716692,
    "duration": 3,
    "pid": 6860,
    "index": 35
  },
  {
    "name": "Load extend/context.js",
    "start": 1649858716696,
    "end": 1649858716841,
    "duration": 145,
    "pid": 6860,
    "index": 36
  },
  {
    "name": "Require(29) node_modules/egg-security/app/extend/context.js",
    "start": 1649858716697,
    "end": 1649858716719,
    "duration": 22,
    "pid": 6860,
    "index": 37
  },
  {
    "name": "Require(30) node_modules/egg-jsonp/app/extend/context.js",
    "start": 1649858716720,
    "end": 1649858716722,
    "duration": 2,
    "pid": 6860,
    "index": 38
  },
  {
    "name": "Require(31) node_modules/egg-i18n/app/extend/context.js",
    "start": 1649858716723,
    "end": 1649858716724,
    "duration": 1,
    "pid": 6860,
    "index": 39
  },
  {
    "name": "Require(32) node_modules/egg-multipart/app/extend/context.js",
    "start": 1649858716725,
    "end": 1649858716830,
    "duration": 105,
    "pid": 6860,
    "index": 40
  },
  {
    "name": "Require(33) node_modules/egg-view/app/extend/context.js",
    "start": 1649858716831,
    "end": 1649858716832,
    "duration": 1,
    "pid": 6860,
    "index": 41
  },
  {
    "name": "Require(34) node_modules/egg-mongoose/app/extend/context.js",
    "start": 1649858716833,
    "end": 1649858716833,
    "duration": 0,
    "pid": 6860,
    "index": 42
  },
  {
    "name": "Require(35) node_modules/egg-validate/app/extend/context.js",
    "start": 1649858716834,
    "end": 1649858716834,
    "duration": 0,
    "pid": 6860,
    "index": 43
  },
  {
    "name": "Require(36) node_modules/egg/app/extend/context.js",
    "start": 1649858716835,
    "end": 1649858716837,
    "duration": 2,
    "pid": 6860,
    "index": 44
  },
  {
    "name": "Load extend/helper.js",
    "start": 1649858716841,
    "end": 1649858716895,
    "duration": 54,
    "pid": 6860,
    "index": 45
  },
  {
    "name": "Require(37) node_modules/egg-security/app/extend/helper.js",
    "start": 1649858716842,
    "end": 1649858716861,
    "duration": 19,
    "pid": 6860,
    "index": 46
  },
  {
    "name": "Require(38) node_modules/egg/app/extend/helper.js",
    "start": 1649858716864,
    "end": 1649858716865,
    "duration": 1,
    "pid": 6860,
    "index": 47
  },
  {
    "name": "Require(39) app/extend/helper.js",
    "start": 1649858716865,
    "end": 1649858716891,
    "duration": 26,
    "pid": 6860,
    "index": 48
  },
  {
    "name": "Load app.js",
    "start": 1649858716895,
    "end": 1649858716935,
    "duration": 40,
    "pid": 6860,
    "index": 49
  },
  {
    "name": "Require(40) node_modules/egg-session/app.js",
    "start": 1649858716896,
    "end": 1649858716896,
    "duration": 0,
    "pid": 6860,
    "index": 50
  },
  {
    "name": "Require(41) node_modules/egg-security/app.js",
    "start": 1649858716897,
    "end": 1649858716898,
    "duration": 1,
    "pid": 6860,
    "index": 51
  },
  {
    "name": "Require(42) node_modules/egg-onerror/app.js",
    "start": 1649858716899,
    "end": 1649858716908,
    "duration": 9,
    "pid": 6860,
    "index": 52
  },
  {
    "name": "Require(43) node_modules/egg-i18n/app.js",
    "start": 1649858716908,
    "end": 1649858716918,
    "duration": 10,
    "pid": 6860,
    "index": 53
  },
  {
    "name": "Require(44) node_modules/egg-watcher/app.js",
    "start": 1649858716921,
    "end": 1649858716925,
    "duration": 4,
    "pid": 6860,
    "index": 54
  },
  {
    "name": "Require(45) node_modules/egg-schedule/app.js",
    "start": 1649858716925,
    "end": 1649858716927,
    "duration": 2,
    "pid": 6860,
    "index": 55
  },
  {
    "name": "Require(46) node_modules/egg-multipart/app.js",
    "start": 1649858716928,
    "end": 1649858716928,
    "duration": 0,
    "pid": 6860,
    "index": 56
  },
  {
    "name": "Require(47) node_modules/egg-development/app.js",
    "start": 1649858716929,
    "end": 1649858716929,
    "duration": 0,
    "pid": 6860,
    "index": 57
  },
  {
    "name": "Require(48) node_modules/egg-logrotator/app.js",
    "start": 1649858716929,
    "end": 1649858716930,
    "duration": 1,
    "pid": 6860,
    "index": 58
  },
  {
    "name": "Require(49) node_modules/egg-static/app.js",
    "start": 1649858716930,
    "end": 1649858716930,
    "duration": 0,
    "pid": 6860,
    "index": 59
  },
  {
    "name": "Require(50) node_modules/egg-mongoose/app.js",
    "start": 1649858716931,
    "end": 1649858716931,
    "duration": 0,
    "pid": 6860,
    "index": 60
  },
  {
    "name": "Require(51) node_modules/egg-validate/app.js",
    "start": 1649858716932,
    "end": 1649858716934,
    "duration": 2,
    "pid": 6860,
    "index": 61
  },
  {
    "name": "Require(52) node_modules/egg-cors/app.js",
    "start": 1649858716934,
    "end": 1649858716934,
    "duration": 0,
    "pid": 6860,
    "index": 62
  },
  {
    "name": "Before Start in node_modules/egg-watcher/lib/init.js:15:14",
    "start": 1649858716947,
    "end": 1649858718328,
    "duration": 1381,
    "pid": 6860,
    "index": 63
  },
  {
    "name": "Before Start in node_modules/egg-mongoose/lib/mongoose.js:104:7",
    "start": 1649858717649,
    "end": 1649858718321,
    "duration": 672,
    "pid": 6860,
    "index": 64
  },
  {
    "name": "Before Start in node_modules/egg-mongoose/lib/mongoose.js:52:9",
    "start": 1649858717650,
    "end": 1649858718278,
    "duration": 628,
    "pid": 6860,
    "index": 65
  },
  {
    "name": "Load Service",
    "start": 1649858717652,
    "end": 1649858717853,
    "duration": 201,
    "pid": 6860,
    "index": 66
  },
  {
    "name": "Load \"service\" to Context",
    "start": 1649858717652,
    "end": 1649858717853,
    "duration": 201,
    "pid": 6860,
    "index": 67
  },
  {
    "name": "Load Middleware",
    "start": 1649858717854,
    "end": 1649858718181,
    "duration": 327,
    "pid": 6860,
    "index": 68
  },
  {
    "name": "Load \"middlewares\" to Application",
    "start": 1649858717854,
    "end": 1649858718162,
    "duration": 308,
    "pid": 6860,
    "index": 69
  },
  {
    "name": "Load Controller",
    "start": 1649858718181,
    "end": 1649858718187,
    "duration": 6,
    "pid": 6860,
    "index": 70
  },
  {
    "name": "Load \"controller\" to Application",
    "start": 1649858718181,
    "end": 1649858718187,
    "duration": 6,
    "pid": 6860,
    "index": 71
  },
  {
    "name": "Load Router",
    "start": 1649858718187,
    "end": 1649858718196,
    "duration": 9,
    "pid": 6860,
    "index": 72
  },
  {
    "name": "Require(53) app/router.js",
    "start": 1649858718188,
    "end": 1649858718189,
    "duration": 1,
    "pid": 6860,
    "index": 73
  },
  {
    "name": "Before Start in node_modules/egg-core/lib/egg.js:303:10",
    "start": 1649858718190,
    "end": 1649858718278,
    "duration": 88,
    "pid": 6860,
    "index": 74
  },
  {
    "name": "Load \"model\" to Application",
    "start": 1649858718220,
    "end": 1649858718277,
    "duration": 57,
    "pid": 6860,
    "index": 75
  }
]