[
  {
    "name": "Process Start",
    "start": 1649854937468,
    "end": 1649854939033,
    "duration": 1565,
    "pid": 2780,
    "index": 0
  },
  {
    "name": "Application Start",
    "start": 1649854939034,
    "end": 1649854940110,
    "duration": 1076,
    "pid": 2780,
    "index": 1
  },
  {
    "name": "Load Plugin",
    "start": 1649854939038,
    "end": 1649854939069,
    "duration": 31,
    "pid": 2780,
    "index": 2
  },
  {
    "name": "Load Config",
    "start": 1649854939069,
    "end": 1649854939102,
    "duration": 33,
    "pid": 2780,
    "index": 3
  },
  {
    "name": "Require(0) config/config.default.js",
    "start": 1649854939070,
    "end": 1649854939071,
    "duration": 1,
    "pid": 2780,
    "index": 4
  },
  {
    "name": "Require(1) node_modules/egg-session/config/config.default.js",
    "start": 1649854939073,
    "end": 1649854939074,
    "duration": 1,
    "pid": 2780,
    "index": 5
  },
  {
    "name": "Require(2) node_modules/egg-security/config/config.default.js",
    "start": 1649854939074,
    "end": 1649854939075,
    "duration": 1,
    "pid": 2780,
    "index": 6
  },
  {
    "name": "Require(3) node_modules/egg-jsonp/config/config.default.js",
    "start": 1649854939076,
    "end": 1649854939077,
    "duration": 1,
    "pid": 2780,
    "index": 7
  },
  {
    "name": "Require(4) node_modules/egg-onerror/config/config.default.js",
    "start": 1649854939077,
    "end": 1649854939078,
    "duration": 1,
    "pid": 2780,
    "index": 8
  },
  {
    "name": "Require(5) node_modules/egg-i18n/config/config.default.js",
    "start": 1649854939078,
    "end": 1649854939079,
    "duration": 1,
    "pid": 2780,
    "index": 9
  },
  {
    "name": "Require(6) node_modules/egg-watcher/config/config.default.js",
    "start": 1649854939080,
    "end": 1649854939081,
    "duration": 1,
    "pid": 2780,
    "index": 10
  },
  {
    "name": "Require(7) node_modules/egg-schedule/config/config.default.js",
    "start": 1649854939081,
    "end": 1649854939082,
    "duration": 1,
    "pid": 2780,
    "index": 11
  },
  {
    "name": "Require(8) node_modules/egg-multipart/config/config.default.js",
    "start": 1649854939083,
    "end": 1649854939083,
    "duration": 0,
    "pid": 2780,
    "index": 12
  },
  {
    "name": "Require(9) node_modules/egg-development/config/config.default.js",
    "start": 1649854939084,
    "end": 1649854939085,
    "duration": 1,
    "pid": 2780,
    "index": 13
  },
  {
    "name": "Require(10) node_modules/egg-logrotator/config/config.default.js",
    "start": 1649854939086,
    "end": 1649854939087,
    "duration": 1,
    "pid": 2780,
    "index": 14
  },
  {
    "name": "Require(11) node_modules/egg-static/config/config.default.js",
    "start": 1649854939087,
    "end": 1649854939088,
    "duration": 1,
    "pid": 2780,
    "index": 15
  },
  {
    "name": "Require(12) node_modules/egg-view/config/config.default.js",
    "start": 1649854939089,
    "end": 1649854939090,
    "duration": 1,
    "pid": 2780,
    "index": 16
  },
  {
    "name": "Require(13) node_modules/egg-mongoose/config/config.default.js",
    "start": 1649854939091,
    "end": 1649854939091,
    "duration": 0,
    "pid": 2780,
    "index": 17
  },
  {
    "name": "Require(14) node_modules/egg-validate/config/config.default.js",
    "start": 1649854939092,
    "end": 1649854939092,
    "duration": 0,
    "pid": 2780,
    "index": 18
  },
  {
    "name": "Require(15) node_modules/egg-cors/config/config.default.js",
    "start": 1649854939093,
    "end": 1649854939093,
    "duration": 0,
    "pid": 2780,
    "index": 19
  },
  {
    "name": "Require(16) node_modules/egg/config/config.default.js",
    "start": 1649854939094,
    "end": 1649854939094,
    "duration": 0,
    "pid": 2780,
    "index": 20
  },
  {
    "name": "Require(17) config/config.default.js",
    "start": 1649854939096,
    "end": 1649854939096,
    "duration": 0,
    "pid": 2780,
    "index": 21
  },
  {
    "name": "Require(18) node_modules/egg-security/config/config.local.js",
    "start": 1649854939097,
    "end": 1649854939097,
    "duration": 0,
    "pid": 2780,
    "index": 22
  },
  {
    "name": "Require(19) node_modules/egg-watcher/config/config.local.js",
    "start": 1649854939098,
    "end": 1649854939099,
    "duration": 1,
    "pid": 2780,
    "index": 23
  },
  {
    "name": "Require(20) node_modules/egg-view/config/config.local.js",
    "start": 1649854939100,
    "end": 1649854939100,
    "duration": 0,
    "pid": 2780,
    "index": 24
  },
  {
    "name": "Require(21) node_modules/egg/config/config.local.js",
    "start": 1649854939101,
    "end": 1649854939102,
    "duration": 1,
    "pid": 2780,
    "index": 25
  },
  {
    "name": "Load extend/application.js",
    "start": 1649854939104,
    "end": 1649854939129,
    "duration": 25,
    "pid": 2780,
    "index": 26
  },
  {
    "name": "Require(22) node_modules/egg-session/app/extend/application.js",
    "start": 1649854939104,
    "end": 1649854939105,
    "duration": 1,
    "pid": 2780,
    "index": 27
  },
  {
    "name": "Require(23) node_modules/egg-security/app/extend/application.js",
    "start": 1649854939106,
    "end": 1649854939108,
    "duration": 2,
    "pid": 2780,
    "index": 28
  },
  {
    "name": "Require(24) node_modules/egg-jsonp/app/extend/application.js",
    "start": 1649854939108,
    "end": 1649854939110,
    "duration": 2,
    "pid": 2780,
    "index": 29
  },
  {
    "name": "Require(25) node_modules/egg-logrotator/app/extend/application.js",
    "start": 1649854939114,
    "end": 1649854939123,
    "duration": 9,
    "pid": 2780,
    "index": 30
  },
  {
    "name": "Require(26) node_modules/egg-view/app/extend/application.js",
    "start": 1649854939124,
    "end": 1649854939125,
    "duration": 1,
    "pid": 2780,
    "index": 31
  },
  {
    "name": "Load extend/request.js",
    "start": 1649854939129,
    "end": 1649854939138,
    "duration": 9,
    "pid": 2780,
    "index": 32
  },
  {
    "name": "Require(27) node_modules/egg/app/extend/request.js",
    "start": 1649854939133,
    "end": 1649854939135,
    "duration": 2,
    "pid": 2780,
    "index": 33
  },
  {
    "name": "Load extend/response.js",
    "start": 1649854939138,
    "end": 1649854939146,
    "duration": 8,
    "pid": 2780,
    "index": 34
  },
  {
    "name": "Require(28) node_modules/egg/app/extend/response.js",
    "start": 1649854939141,
    "end": 1649854939143,
    "duration": 2,
    "pid": 2780,
    "index": 35
  },
  {
    "name": "Load extend/context.js",
    "start": 1649854939146,
    "end": 1649854939248,
    "duration": 102,
    "pid": 2780,
    "index": 36
  },
  {
    "name": "Require(29) node_modules/egg-security/app/extend/context.js",
    "start": 1649854939146,
    "end": 1649854939169,
    "duration": 23,
    "pid": 2780,
    "index": 37
  },
  {
    "name": "Require(30) node_modules/egg-jsonp/app/extend/context.js",
    "start": 1649854939169,
    "end": 1649854939172,
    "duration": 3,
    "pid": 2780,
    "index": 38
  },
  {
    "name": "Require(31) node_modules/egg-i18n/app/extend/context.js",
    "start": 1649854939172,
    "end": 1649854939172,
    "duration": 0,
    "pid": 2780,
    "index": 39
  },
  {
    "name": "Require(32) node_modules/egg-multipart/app/extend/context.js",
    "start": 1649854939173,
    "end": 1649854939240,
    "duration": 67,
    "pid": 2780,
    "index": 40
  },
  {
    "name": "Require(33) node_modules/egg-view/app/extend/context.js",
    "start": 1649854939241,
    "end": 1649854939242,
    "duration": 1,
    "pid": 2780,
    "index": 41
  },
  {
    "name": "Require(34) node_modules/egg-mongoose/app/extend/context.js",
    "start": 1649854939242,
    "end": 1649854939243,
    "duration": 1,
    "pid": 2780,
    "index": 42
  },
  {
    "name": "Require(35) node_modules/egg-validate/app/extend/context.js",
    "start": 1649854939243,
    "end": 1649854939244,
    "duration": 1,
    "pid": 2780,
    "index": 43
  },
  {
    "name": "Require(36) node_modules/egg/app/extend/context.js",
    "start": 1649854939244,
    "end": 1649854939246,
    "duration": 2,
    "pid": 2780,
    "index": 44
  },
  {
    "name": "Load extend/helper.js",
    "start": 1649854939248,
    "end": 1649854939290,
    "duration": 42,
    "pid": 2780,
    "index": 45
  },
  {
    "name": "Require(37) node_modules/egg-security/app/extend/helper.js",
    "start": 1649854939249,
    "end": 1649854939268,
    "duration": 19,
    "pid": 2780,
    "index": 46
  },
  {
    "name": "Require(38) node_modules/egg/app/extend/helper.js",
    "start": 1649854939270,
    "end": 1649854939270,
    "duration": 0,
    "pid": 2780,
    "index": 47
  },
  {
    "name": "Require(39) app/extend/helper.js",
    "start": 1649854939271,
    "end": 1649854939288,
    "duration": 17,
    "pid": 2780,
    "index": 48
  },
  {
    "name": "Load app.js",
    "start": 1649854939291,
    "end": 1649854939335,
    "duration": 44,
    "pid": 2780,
    "index": 49
  },
  {
    "name": "Require(40) node_modules/egg-session/app.js",
    "start": 1649854939291,
    "end": 1649854939291,
    "duration": 0,
    "pid": 2780,
    "index": 50
  },
  {
    "name": "Require(41) node_modules/egg-security/app.js",
    "start": 1649854939292,
    "end": 1649854939293,
    "duration": 1,
    "pid": 2780,
    "index": 51
  },
  {
    "name": "Require(42) node_modules/egg-onerror/app.js",
    "start": 1649854939294,
    "end": 1649854939305,
    "duration": 11,
    "pid": 2780,
    "index": 52
  },
  {
    "name": "Require(43) node_modules/egg-i18n/app.js",
    "start": 1649854939305,
    "end": 1649854939316,
    "duration": 11,
    "pid": 2780,
    "index": 53
  },
  {
    "name": "Require(44) node_modules/egg-watcher/app.js",
    "start": 1649854939318,
    "end": 1649854939322,
    "duration": 4,
    "pid": 2780,
    "index": 54
  },
  {
    "name": "Require(45) node_modules/egg-schedule/app.js",
    "start": 1649854939322,
    "end": 1649854939324,
    "duration": 2,
    "pid": 2780,
    "index": 55
  },
  {
    "name": "Require(46) node_modules/egg-multipart/app.js",
    "start": 1649854939325,
    "end": 1649854939325,
    "duration": 0,
    "pid": 2780,
    "index": 56
  },
  {
    "name": "Require(47) node_modules/egg-development/app.js",
    "start": 1649854939326,
    "end": 1649854939326,
    "duration": 0,
    "pid": 2780,
    "index": 57
  },
  {
    "name": "Require(48) node_modules/egg-logrotator/app.js",
    "start": 1649854939326,
    "end": 1649854939329,
    "duration": 3,
    "pid": 2780,
    "index": 58
  },
  {
    "name": "Require(49) node_modules/egg-static/app.js",
    "start": 1649854939330,
    "end": 1649854939330,
    "duration": 0,
    "pid": 2780,
    "index": 59
  },
  {
    "name": "Require(50) node_modules/egg-mongoose/app.js",
    "start": 1649854939331,
    "end": 1649854939331,
    "duration": 0,
    "pid": 2780,
    "index": 60
  },
  {
    "name": "Require(51) node_modules/egg-validate/app.js",
    "start": 1649854939331,
    "end": 1649854939333,
    "duration": 2,
    "pid": 2780,
    "index": 61
  },
  {
    "name": "Require(52) node_modules/egg-cors/app.js",
    "start": 1649854939333,
    "end": 1649854939334,
    "duration": 1,
    "pid": 2780,
    "index": 62
  },
  {
    "name": "Before Start in node_modules/egg-watcher/lib/init.js:15:14",
    "start": 1649854939343,
    "end": 1649854940109,
    "duration": 766,
    "pid": 2780,
    "index": 63
  },
  {
    "name": "Before Start in node_modules/egg-mongoose/lib/mongoose.js:104:7",
    "start": 1649854939869,
    "end": 1649854940107,
    "duration": 238,
    "pid": 2780,
    "index": 64
  },
  {
    "name": "Before Start in node_modules/egg-mongoose/lib/mongoose.js:52:9",
    "start": 1649854939870,
    "end": 1649854940091,
    "duration": 221,
    "pid": 2780,
    "index": 65
  },
  {
    "name": "Load Service",
    "start": 1649854939870,
    "end": 1649854939910,
    "duration": 40,
    "pid": 2780,
    "index": 66
  },
  {
    "name": "Load \"service\" to Context",
    "start": 1649854939870,
    "end": 1649854939910,
    "duration": 40,
    "pid": 2780,
    "index": 67
  },
  {
    "name": "Load Middleware",
    "start": 1649854939910,
    "end": 1649854940047,
    "duration": 137,
    "pid": 2780,
    "index": 68
  },
  {
    "name": "Load \"middlewares\" to Application",
    "start": 1649854939910,
    "end": 1649854940036,
    "duration": 126,
    "pid": 2780,
    "index": 69
  },
  {
    "name": "Load Controller",
    "start": 1649854940047,
    "end": 1649854940050,
    "duration": 3,
    "pid": 2780,
    "index": 70
  },
  {
    "name": "Load \"controller\" to Application",
    "start": 1649854940047,
    "end": 1649854940050,
    "duration": 3,
    "pid": 2780,
    "index": 71
  },
  {
    "name": "Load Router",
    "start": 1649854940050,
    "end": 1649854940053,
    "duration": 3,
    "pid": 2780,
    "index": 72
  },
  {
    "name": "Require(53) app/router.js",
    "start": 1649854940050,
    "end": 1649854940051,
    "duration": 1,
    "pid": 2780,
    "index": 73
  },
  {
    "name": "Before Start in node_modules/egg-core/lib/egg.js:303:10",
    "start": 1649854940051,
    "end": 1649854940091,
    "duration": 40,
    "pid": 2780,
    "index": 74
  },
  {
    "name": "Load \"model\" to Application",
    "start": 1649854940065,
    "end": 1649854940090,
    "duration": 25,
    "pid": 2780,
    "index": 75
  }
]