[
  {
    "name": "Process Start",
    "start": 1649858619347,
    "end": 1649858620648,
    "duration": 1301,
    "pid": 12836,
    "index": 0
  },
  {
    "name": "Application Start",
    "start": 1649858620649,
    "end": 1649858622211,
    "duration": 1562,
    "pid": 12836,
    "index": 1
  },
  {
    "name": "Load Plugin",
    "start": 1649858620654,
    "end": 1649858620688,
    "duration": 34,
    "pid": 12836,
    "index": 2
  },
  {
    "name": "Load Config",
    "start": 1649858620689,
    "end": 1649858620721,
    "duration": 32,
    "pid": 12836,
    "index": 3
  },
  {
    "name": "Require(0) config/config.default.js",
    "start": 1649858620690,
    "end": 1649858620690,
    "duration": 0,
    "pid": 12836,
    "index": 4
  },
  {
    "name": "Require(1) node_modules/egg-session/config/config.default.js",
    "start": 1649858620693,
    "end": 1649858620693,
    "duration": 0,
    "pid": 12836,
    "index": 5
  },
  {
    "name": "Require(2) node_modules/egg-security/config/config.default.js",
    "start": 1649858620694,
    "end": 1649858620695,
    "duration": 1,
    "pid": 12836,
    "index": 6
  },
  {
    "name": "Require(3) node_modules/egg-jsonp/config/config.default.js",
    "start": 1649858620696,
    "end": 1649858620696,
    "duration": 0,
    "pid": 12836,
    "index": 7
  },
  {
    "name": "Require(4) node_modules/egg-onerror/config/config.default.js",
    "start": 1649858620697,
    "end": 1649858620697,
    "duration": 0,
    "pid": 12836,
    "index": 8
  },
  {
    "name": "Require(5) node_modules/egg-i18n/config/config.default.js",
    "start": 1649858620698,
    "end": 1649858620698,
    "duration": 0,
    "pid": 12836,
    "index": 9
  },
  {
    "name": "Require(6) node_modules/egg-watcher/config/config.default.js",
    "start": 1649858620699,
    "end": 1649858620700,
    "duration": 1,
    "pid": 12836,
    "index": 10
  },
  {
    "name": "Require(7) node_modules/egg-schedule/config/config.default.js",
    "start": 1649858620700,
    "end": 1649858620701,
    "duration": 1,
    "pid": 12836,
    "index": 11
  },
  {
    "name": "Require(8) node_modules/egg-multipart/config/config.default.js",
    "start": 1649858620702,
    "end": 1649858620702,
    "duration": 0,
    "pid": 12836,
    "index": 12
  },
  {
    "name": "Require(9) node_modules/egg-development/config/config.default.js",
    "start": 1649858620703,
    "end": 1649858620704,
    "duration": 1,
    "pid": 12836,
    "index": 13
  },
  {
    "name": "Require(10) node_modules/egg-logrotator/config/config.default.js",
    "start": 1649858620704,
    "end": 1649858620705,
    "duration": 1,
    "pid": 12836,
    "index": 14
  },
  {
    "name": "Require(11) node_modules/egg-static/config/config.default.js",
    "start": 1649858620706,
    "end": 1649858620707,
    "duration": 1,
    "pid": 12836,
    "index": 15
  },
  {
    "name": "Require(12) node_modules/egg-view/config/config.default.js",
    "start": 1649858620708,
    "end": 1649858620708,
    "duration": 0,
    "pid": 12836,
    "index": 16
  },
  {
    "name": "Require(13) node_modules/egg-mongoose/config/config.default.js",
    "start": 1649858620709,
    "end": 1649858620710,
    "duration": 1,
    "pid": 12836,
    "index": 17
  },
  {
    "name": "Require(14) node_modules/egg-validate/config/config.default.js",
    "start": 1649858620710,
    "end": 1649858620711,
    "duration": 1,
    "pid": 12836,
    "index": 18
  },
  {
    "name": "Require(15) node_modules/egg-cors/config/config.default.js",
    "start": 1649858620711,
    "end": 1649858620712,
    "duration": 1,
    "pid": 12836,
    "index": 19
  },
  {
    "name": "Require(16) node_modules/egg/config/config.default.js",
    "start": 1649858620712,
    "end": 1649858620713,
    "duration": 1,
    "pid": 12836,
    "index": 20
  },
  {
    "name": "Require(17) config/config.default.js",
    "start": 1649858620715,
    "end": 1649858620715,
    "duration": 0,
    "pid": 12836,
    "index": 21
  },
  {
    "name": "Require(18) node_modules/egg-security/config/config.local.js",
    "start": 1649858620716,
    "end": 1649858620716,
    "duration": 0,
    "pid": 12836,
    "index": 22
  },
  {
    "name": "Require(19) node_modules/egg-watcher/config/config.local.js",
    "start": 1649858620717,
    "end": 1649858620718,
    "duration": 1,
    "pid": 12836,
    "index": 23
  },
  {
    "name": "Require(20) node_modules/egg-view/config/config.local.js",
    "start": 1649858620719,
    "end": 1649858620719,
    "duration": 0,
    "pid": 12836,
    "index": 24
  },
  {
    "name": "Require(21) node_modules/egg/config/config.local.js",
    "start": 1649858620720,
    "end": 1649858620721,
    "duration": 1,
    "pid": 12836,
    "index": 25
  },
  {
    "name": "Load extend/application.js",
    "start": 1649858620724,
    "end": 1649858620750,
    "duration": 26,
    "pid": 12836,
    "index": 26
  },
  {
    "name": "Require(22) node_modules/egg-session/app/extend/application.js",
    "start": 1649858620724,
    "end": 1649858620725,
    "duration": 1,
    "pid": 12836,
    "index": 27
  },
  {
    "name": "Require(23) node_modules/egg-security/app/extend/application.js",
    "start": 1649858620726,
    "end": 1649858620727,
    "duration": 1,
    "pid": 12836,
    "index": 28
  },
  {
    "name": "Require(24) node_modules/egg-jsonp/app/extend/application.js",
    "start": 1649858620728,
    "end": 1649858620729,
    "duration": 1,
    "pid": 12836,
    "index": 29
  },
  {
    "name": "Require(25) node_modules/egg-logrotator/app/extend/application.js",
    "start": 1649858620733,
    "end": 1649858620743,
    "duration": 10,
    "pid": 12836,
    "index": 30
  },
  {
    "name": "Require(26) node_modules/egg-view/app/extend/application.js",
    "start": 1649858620744,
    "end": 1649858620746,
    "duration": 2,
    "pid": 12836,
    "index": 31
  },
  {
    "name": "Load extend/request.js",
    "start": 1649858620750,
    "end": 1649858620761,
    "duration": 11,
    "pid": 12836,
    "index": 32
  },
  {
    "name": "Require(27) node_modules/egg/app/extend/request.js",
    "start": 1649858620754,
    "end": 1649858620757,
    "duration": 3,
    "pid": 12836,
    "index": 33
  },
  {
    "name": "Load extend/response.js",
    "start": 1649858620761,
    "end": 1649858620771,
    "duration": 10,
    "pid": 12836,
    "index": 34
  },
  {
    "name": "Require(28) node_modules/egg/app/extend/response.js",
    "start": 1649858620764,
    "end": 1649858620767,
    "duration": 3,
    "pid": 12836,
    "index": 35
  },
  {
    "name": "Load extend/context.js",
    "start": 1649858620771,
    "end": 1649858620886,
    "duration": 115,
    "pid": 12836,
    "index": 36
  },
  {
    "name": "Require(29) node_modules/egg-security/app/extend/context.js",
    "start": 1649858620772,
    "end": 1649858620790,
    "duration": 18,
    "pid": 12836,
    "index": 37
  },
  {
    "name": "Require(30) node_modules/egg-jsonp/app/extend/context.js",
    "start": 1649858620791,
    "end": 1649858620794,
    "duration": 3,
    "pid": 12836,
    "index": 38
  },
  {
    "name": "Require(31) node_modules/egg-i18n/app/extend/context.js",
    "start": 1649858620795,
    "end": 1649858620796,
    "duration": 1,
    "pid": 12836,
    "index": 39
  },
  {
    "name": "Require(32) node_modules/egg-multipart/app/extend/context.js",
    "start": 1649858620797,
    "end": 1649858620876,
    "duration": 79,
    "pid": 12836,
    "index": 40
  },
  {
    "name": "Require(33) node_modules/egg-view/app/extend/context.js",
    "start": 1649858620877,
    "end": 1649858620878,
    "duration": 1,
    "pid": 12836,
    "index": 41
  },
  {
    "name": "Require(34) node_modules/egg-mongoose/app/extend/context.js",
    "start": 1649858620879,
    "end": 1649858620879,
    "duration": 0,
    "pid": 12836,
    "index": 42
  },
  {
    "name": "Require(35) node_modules/egg-validate/app/extend/context.js",
    "start": 1649858620880,
    "end": 1649858620880,
    "duration": 0,
    "pid": 12836,
    "index": 43
  },
  {
    "name": "Require(36) node_modules/egg/app/extend/context.js",
    "start": 1649858620881,
    "end": 1649858620883,
    "duration": 2,
    "pid": 12836,
    "index": 44
  },
  {
    "name": "Load extend/helper.js",
    "start": 1649858620886,
    "end": 1649858620958,
    "duration": 72,
    "pid": 12836,
    "index": 45
  },
  {
    "name": "Require(37) node_modules/egg-security/app/extend/helper.js",
    "start": 1649858620887,
    "end": 1649858620916,
    "duration": 29,
    "pid": 12836,
    "index": 46
  },
  {
    "name": "Require(38) node_modules/egg/app/extend/helper.js",
    "start": 1649858620919,
    "end": 1649858620919,
    "duration": 0,
    "pid": 12836,
    "index": 47
  },
  {
    "name": "Require(39) app/extend/helper.js",
    "start": 1649858620920,
    "end": 1649858620953,
    "duration": 33,
    "pid": 12836,
    "index": 48
  },
  {
    "name": "Load app.js",
    "start": 1649858620959,
    "end": 1649858621017,
    "duration": 58,
    "pid": 12836,
    "index": 49
  },
  {
    "name": "Require(40) node_modules/egg-session/app.js",
    "start": 1649858620960,
    "end": 1649858620960,
    "duration": 0,
    "pid": 12836,
    "index": 50
  },
  {
    "name": "Require(41) node_modules/egg-security/app.js",
    "start": 1649858620961,
    "end": 1649858620963,
    "duration": 2,
    "pid": 12836,
    "index": 51
  },
  {
    "name": "Require(42) node_modules/egg-onerror/app.js",
    "start": 1649858620964,
    "end": 1649858620976,
    "duration": 12,
    "pid": 12836,
    "index": 52
  },
  {
    "name": "Require(43) node_modules/egg-i18n/app.js",
    "start": 1649858620977,
    "end": 1649858620987,
    "duration": 10,
    "pid": 12836,
    "index": 53
  },
  {
    "name": "Require(44) node_modules/egg-watcher/app.js",
    "start": 1649858620994,
    "end": 1649858620999,
    "duration": 5,
    "pid": 12836,
    "index": 54
  },
  {
    "name": "Require(45) node_modules/egg-schedule/app.js",
    "start": 1649858620999,
    "end": 1649858621001,
    "duration": 2,
    "pid": 12836,
    "index": 55
  },
  {
    "name": "Require(46) node_modules/egg-multipart/app.js",
    "start": 1649858621001,
    "end": 1649858621002,
    "duration": 1,
    "pid": 12836,
    "index": 56
  },
  {
    "name": "Require(47) node_modules/egg-development/app.js",
    "start": 1649858621002,
    "end": 1649858621003,
    "duration": 1,
    "pid": 12836,
    "index": 57
  },
  {
    "name": "Require(48) node_modules/egg-logrotator/app.js",
    "start": 1649858621003,
    "end": 1649858621004,
    "duration": 1,
    "pid": 12836,
    "index": 58
  },
  {
    "name": "Require(49) node_modules/egg-static/app.js",
    "start": 1649858621004,
    "end": 1649858621005,
    "duration": 1,
    "pid": 12836,
    "index": 59
  },
  {
    "name": "Require(50) node_modules/egg-mongoose/app.js",
    "start": 1649858621012,
    "end": 1649858621012,
    "duration": 0,
    "pid": 12836,
    "index": 60
  },
  {
    "name": "Require(51) node_modules/egg-validate/app.js",
    "start": 1649858621013,
    "end": 1649858621015,
    "duration": 2,
    "pid": 12836,
    "index": 61
  },
  {
    "name": "Require(52) node_modules/egg-cors/app.js",
    "start": 1649858621015,
    "end": 1649858621016,
    "duration": 1,
    "pid": 12836,
    "index": 62
  },
  {
    "name": "Before Start in node_modules/egg-watcher/lib/init.js:15:14",
    "start": 1649858621033,
    "end": 1649858622210,
    "duration": 1177,
    "pid": 12836,
    "index": 63
  },
  {
    "name": "Before Start in node_modules/egg-mongoose/lib/mongoose.js:104:7",
    "start": 1649858621911,
    "end": 1649858622208,
    "duration": 297,
    "pid": 12836,
    "index": 64
  },
  {
    "name": "Before Start in node_modules/egg-mongoose/lib/mongoose.js:52:9",
    "start": 1649858621911,
    "end": 1649858622182,
    "duration": 271,
    "pid": 12836,
    "index": 65
  },
  {
    "name": "Load Service",
    "start": 1649858621912,
    "end": 1649858621958,
    "duration": 46,
    "pid": 12836,
    "index": 66
  },
  {
    "name": "Load \"service\" to Context",
    "start": 1649858621912,
    "end": 1649858621958,
    "duration": 46,
    "pid": 12836,
    "index": 67
  },
  {
    "name": "Load Middleware",
    "start": 1649858621958,
    "end": 1649858622114,
    "duration": 156,
    "pid": 12836,
    "index": 68
  },
  {
    "name": "Load \"middlewares\" to Application",
    "start": 1649858621958,
    "end": 1649858622093,
    "duration": 135,
    "pid": 12836,
    "index": 69
  },
  {
    "name": "Load Controller",
    "start": 1649858622114,
    "end": 1649858622119,
    "duration": 5,
    "pid": 12836,
    "index": 70
  },
  {
    "name": "Load \"controller\" to Application",
    "start": 1649858622114,
    "end": 1649858622119,
    "duration": 5,
    "pid": 12836,
    "index": 71
  },
  {
    "name": "Load Router",
    "start": 1649858622119,
    "end": 1649858622124,
    "duration": 5,
    "pid": 12836,
    "index": 72
  },
  {
    "name": "Require(53) app/router.js",
    "start": 1649858622119,
    "end": 1649858622120,
    "duration": 1,
    "pid": 12836,
    "index": 73
  },
  {
    "name": "Before Start in node_modules/egg-core/lib/egg.js:303:10",
    "start": 1649858622120,
    "end": 1649858622182,
    "duration": 62,
    "pid": 12836,
    "index": 74
  },
  {
    "name": "Load \"model\" to Application",
    "start": 1649858622141,
    "end": 1649858622181,
    "duration": 40,
    "pid": 12836,
    "index": 75
  }
]