[
  {
    "name": "Process Start",
    "start": 1649842723664,
    "end": 1649842725657,
    "duration": 1993,
    "pid": 1360,
    "index": 0
  },
  {
    "name": "Application Start",
    "start": 1649842725658,
    "end": 1649842727107,
    "duration": 1449,
    "pid": 1360,
    "index": 1
  },
  {
    "name": "Load Plugin",
    "start": 1649842725663,
    "end": 1649842725692,
    "duration": 29,
    "pid": 1360,
    "index": 2
  },
  {
    "name": "Load Config",
    "start": 1649842725692,
    "end": 1649842725725,
    "duration": 33,
    "pid": 1360,
    "index": 3
  },
  {
    "name": "Require(0) config/config.default.js",
    "start": 1649842725692,
    "end": 1649842725693,
    "duration": 1,
    "pid": 1360,
    "index": 4
  },
  {
    "name": "Require(1) node_modules/egg-session/config/config.default.js",
    "start": 1649842725695,
    "end": 1649842725695,
    "duration": 0,
    "pid": 1360,
    "index": 5
  },
  {
    "name": "Require(2) node_modules/egg-security/config/config.default.js",
    "start": 1649842725696,
    "end": 1649842725697,
    "duration": 1,
    "pid": 1360,
    "index": 6
  },
  {
    "name": "Require(3) node_modules/egg-jsonp/config/config.default.js",
    "start": 1649842725698,
    "end": 1649842725698,
    "duration": 0,
    "pid": 1360,
    "index": 7
  },
  {
    "name": "Require(4) node_modules/egg-onerror/config/config.default.js",
    "start": 1649842725699,
    "end": 1649842725699,
    "duration": 0,
    "pid": 1360,
    "index": 8
  },
  {
    "name": "Require(5) node_modules/egg-i18n/config/config.default.js",
    "start": 1649842725700,
    "end": 1649842725701,
    "duration": 1,
    "pid": 1360,
    "index": 9
  },
  {
    "name": "Require(6) node_modules/egg-watcher/config/config.default.js",
    "start": 1649842725702,
    "end": 1649842725703,
    "duration": 1,
    "pid": 1360,
    "index": 10
  },
  {
    "name": "Require(7) node_modules/egg-schedule/config/config.default.js",
    "start": 1649842725703,
    "end": 1649842725704,
    "duration": 1,
    "pid": 1360,
    "index": 11
  },
  {
    "name": "Require(8) node_modules/egg-multipart/config/config.default.js",
    "start": 1649842725704,
    "end": 1649842725705,
    "duration": 1,
    "pid": 1360,
    "index": 12
  },
  {
    "name": "Require(9) node_modules/egg-development/config/config.default.js",
    "start": 1649842725705,
    "end": 1649842725706,
    "duration": 1,
    "pid": 1360,
    "index": 13
  },
  {
    "name": "Require(10) node_modules/egg-logrotator/config/config.default.js",
    "start": 1649842725707,
    "end": 1649842725708,
    "duration": 1,
    "pid": 1360,
    "index": 14
  },
  {
    "name": "Require(11) node_modules/egg-static/config/config.default.js",
    "start": 1649842725708,
    "end": 1649842725709,
    "duration": 1,
    "pid": 1360,
    "index": 15
  },
  {
    "name": "Require(12) node_modules/egg-view/config/config.default.js",
    "start": 1649842725710,
    "end": 1649842725711,
    "duration": 1,
    "pid": 1360,
    "index": 16
  },
  {
    "name": "Require(13) node_modules/egg-mongoose/config/config.default.js",
    "start": 1649842725712,
    "end": 1649842725713,
    "duration": 1,
    "pid": 1360,
    "index": 17
  },
  {
    "name": "Require(14) node_modules/egg-validate/config/config.default.js",
    "start": 1649842725713,
    "end": 1649842725714,
    "duration": 1,
    "pid": 1360,
    "index": 18
  },
  {
    "name": "Require(15) node_modules/egg-cors/config/config.default.js",
    "start": 1649842725714,
    "end": 1649842725715,
    "duration": 1,
    "pid": 1360,
    "index": 19
  },
  {
    "name": "Require(16) node_modules/egg/config/config.default.js",
    "start": 1649842725715,
    "end": 1649842725716,
    "duration": 1,
    "pid": 1360,
    "index": 20
  },
  {
    "name": "Require(17) config/config.default.js",
    "start": 1649842725719,
    "end": 1649842725719,
    "duration": 0,
    "pid": 1360,
    "index": 21
  },
  {
    "name": "Require(18) node_modules/egg-security/config/config.local.js",
    "start": 1649842725719,
    "end": 1649842725720,
    "duration": 1,
    "pid": 1360,
    "index": 22
  },
  {
    "name": "Require(19) node_modules/egg-watcher/config/config.local.js",
    "start": 1649842725721,
    "end": 1649842725721,
    "duration": 0,
    "pid": 1360,
    "index": 23
  },
  {
    "name": "Require(20) node_modules/egg-view/config/config.local.js",
    "start": 1649842725723,
    "end": 1649842725723,
    "duration": 0,
    "pid": 1360,
    "index": 24
  },
  {
    "name": "Require(21) node_modules/egg/config/config.local.js",
    "start": 1649842725724,
    "end": 1649842725725,
    "duration": 1,
    "pid": 1360,
    "index": 25
  },
  {
    "name": "Load extend/application.js",
    "start": 1649842725727,
    "end": 1649842725755,
    "duration": 28,
    "pid": 1360,
    "index": 26
  },
  {
    "name": "Require(22) node_modules/egg-session/app/extend/application.js",
    "start": 1649842725728,
    "end": 1649842725728,
    "duration": 0,
    "pid": 1360,
    "index": 27
  },
  {
    "name": "Require(23) node_modules/egg-security/app/extend/application.js",
    "start": 1649842725729,
    "end": 1649842725731,
    "duration": 2,
    "pid": 1360,
    "index": 28
  },
  {
    "name": "Require(24) node_modules/egg-jsonp/app/extend/application.js",
    "start": 1649842725732,
    "end": 1649842725734,
    "duration": 2,
    "pid": 1360,
    "index": 29
  },
  {
    "name": "Require(25) node_modules/egg-logrotator/app/extend/application.js",
    "start": 1649842725738,
    "end": 1649842725748,
    "duration": 10,
    "pid": 1360,
    "index": 30
  },
  {
    "name": "Require(26) node_modules/egg-view/app/extend/application.js",
    "start": 1649842725749,
    "end": 1649842725751,
    "duration": 2,
    "pid": 1360,
    "index": 31
  },
  {
    "name": "Load extend/request.js",
    "start": 1649842725755,
    "end": 1649842725764,
    "duration": 9,
    "pid": 1360,
    "index": 32
  },
  {
    "name": "Require(27) node_modules/egg/app/extend/request.js",
    "start": 1649842725759,
    "end": 1649842725761,
    "duration": 2,
    "pid": 1360,
    "index": 33
  },
  {
    "name": "Load extend/response.js",
    "start": 1649842725764,
    "end": 1649842725772,
    "duration": 8,
    "pid": 1360,
    "index": 34
  },
  {
    "name": "Require(28) node_modules/egg/app/extend/response.js",
    "start": 1649842725767,
    "end": 1649842725769,
    "duration": 2,
    "pid": 1360,
    "index": 35
  },
  {
    "name": "Load extend/context.js",
    "start": 1649842725772,
    "end": 1649842725901,
    "duration": 129,
    "pid": 1360,
    "index": 36
  },
  {
    "name": "Require(29) node_modules/egg-security/app/extend/context.js",
    "start": 1649842725772,
    "end": 1649842725798,
    "duration": 26,
    "pid": 1360,
    "index": 37
  },
  {
    "name": "Require(30) node_modules/egg-jsonp/app/extend/context.js",
    "start": 1649842725799,
    "end": 1649842725803,
    "duration": 4,
    "pid": 1360,
    "index": 38
  },
  {
    "name": "Require(31) node_modules/egg-i18n/app/extend/context.js",
    "start": 1649842725803,
    "end": 1649842725804,
    "duration": 1,
    "pid": 1360,
    "index": 39
  },
  {
    "name": "Require(32) node_modules/egg-multipart/app/extend/context.js",
    "start": 1649842725805,
    "end": 1649842725887,
    "duration": 82,
    "pid": 1360,
    "index": 40
  },
  {
    "name": "Require(33) node_modules/egg-view/app/extend/context.js",
    "start": 1649842725888,
    "end": 1649842725891,
    "duration": 3,
    "pid": 1360,
    "index": 41
  },
  {
    "name": "Require(34) node_modules/egg-mongoose/app/extend/context.js",
    "start": 1649842725892,
    "end": 1649842725892,
    "duration": 0,
    "pid": 1360,
    "index": 42
  },
  {
    "name": "Require(35) node_modules/egg-validate/app/extend/context.js",
    "start": 1649842725893,
    "end": 1649842725894,
    "duration": 1,
    "pid": 1360,
    "index": 43
  },
  {
    "name": "Require(36) node_modules/egg/app/extend/context.js",
    "start": 1649842725895,
    "end": 1649842725897,
    "duration": 2,
    "pid": 1360,
    "index": 44
  },
  {
    "name": "Load extend/helper.js",
    "start": 1649842725901,
    "end": 1649842725961,
    "duration": 60,
    "pid": 1360,
    "index": 45
  },
  {
    "name": "Require(37) node_modules/egg-security/app/extend/helper.js",
    "start": 1649842725902,
    "end": 1649842725928,
    "duration": 26,
    "pid": 1360,
    "index": 46
  },
  {
    "name": "Require(38) node_modules/egg/app/extend/helper.js",
    "start": 1649842725930,
    "end": 1649842725931,
    "duration": 1,
    "pid": 1360,
    "index": 47
  },
  {
    "name": "Require(39) app/extend/helper.js",
    "start": 1649842725931,
    "end": 1649842725955,
    "duration": 24,
    "pid": 1360,
    "index": 48
  },
  {
    "name": "Load app.js",
    "start": 1649842725961,
    "end": 1649842726022,
    "duration": 61,
    "pid": 1360,
    "index": 49
  },
  {
    "name": "Require(40) node_modules/egg-session/app.js",
    "start": 1649842725962,
    "end": 1649842725963,
    "duration": 1,
    "pid": 1360,
    "index": 50
  },
  {
    "name": "Require(41) node_modules/egg-security/app.js",
    "start": 1649842725964,
    "end": 1649842725967,
    "duration": 3,
    "pid": 1360,
    "index": 51
  },
  {
    "name": "Require(42) node_modules/egg-onerror/app.js",
    "start": 1649842725968,
    "end": 1649842725981,
    "duration": 13,
    "pid": 1360,
    "index": 52
  },
  {
    "name": "Require(43) node_modules/egg-i18n/app.js",
    "start": 1649842725982,
    "end": 1649842725998,
    "duration": 16,
    "pid": 1360,
    "index": 53
  },
  {
    "name": "Require(44) node_modules/egg-watcher/app.js",
    "start": 1649842725999,
    "end": 1649842726007,
    "duration": 8,
    "pid": 1360,
    "index": 54
  },
  {
    "name": "Require(45) node_modules/egg-schedule/app.js",
    "start": 1649842726007,
    "end": 1649842726011,
    "duration": 4,
    "pid": 1360,
    "index": 55
  },
  {
    "name": "Require(46) node_modules/egg-multipart/app.js",
    "start": 1649842726012,
    "end": 1649842726013,
    "duration": 1,
    "pid": 1360,
    "index": 56
  },
  {
    "name": "Require(47) node_modules/egg-development/app.js",
    "start": 1649842726013,
    "end": 1649842726014,
    "duration": 1,
    "pid": 1360,
    "index": 57
  },
  {
    "name": "Require(48) node_modules/egg-logrotator/app.js",
    "start": 1649842726014,
    "end": 1649842726014,
    "duration": 0,
    "pid": 1360,
    "index": 58
  },
  {
    "name": "Require(49) node_modules/egg-static/app.js",
    "start": 1649842726015,
    "end": 1649842726015,
    "duration": 0,
    "pid": 1360,
    "index": 59
  },
  {
    "name": "Require(50) node_modules/egg-mongoose/app.js",
    "start": 1649842726016,
    "end": 1649842726016,
    "duration": 0,
    "pid": 1360,
    "index": 60
  },
  {
    "name": "Require(51) node_modules/egg-validate/app.js",
    "start": 1649842726017,
    "end": 1649842726020,
    "duration": 3,
    "pid": 1360,
    "index": 61
  },
  {
    "name": "Require(52) node_modules/egg-cors/app.js",
    "start": 1649842726020,
    "end": 1649842726021,
    "duration": 1,
    "pid": 1360,
    "index": 62
  },
  {
    "name": "Before Start in node_modules/egg-watcher/lib/init.js:15:14",
    "start": 1649842726035,
    "end": 1649842727106,
    "duration": 1071,
    "pid": 1360,
    "index": 63
  },
  {
    "name": "Before Start in node_modules/egg-mongoose/lib/mongoose.js:104:7",
    "start": 1649842726789,
    "end": 1649842727104,
    "duration": 315,
    "pid": 1360,
    "index": 64
  },
  {
    "name": "Before Start in node_modules/egg-mongoose/lib/mongoose.js:52:9",
    "start": 1649842726789,
    "end": 1649842727082,
    "duration": 293,
    "pid": 1360,
    "index": 65
  },
  {
    "name": "Load Service",
    "start": 1649842726789,
    "end": 1649842726849,
    "duration": 60,
    "pid": 1360,
    "index": 66
  },
  {
    "name": "Load \"service\" to Context",
    "start": 1649842726789,
    "end": 1649842726849,
    "duration": 60,
    "pid": 1360,
    "index": 67
  },
  {
    "name": "Load Middleware",
    "start": 1649842726849,
    "end": 1649842727024,
    "duration": 175,
    "pid": 1360,
    "index": 68
  },
  {
    "name": "Load \"middlewares\" to Application",
    "start": 1649842726849,
    "end": 1649842727008,
    "duration": 159,
    "pid": 1360,
    "index": 69
  },
  {
    "name": "Load Controller",
    "start": 1649842727024,
    "end": 1649842727028,
    "duration": 4,
    "pid": 1360,
    "index": 70
  },
  {
    "name": "Load \"controller\" to Application",
    "start": 1649842727024,
    "end": 1649842727028,
    "duration": 4,
    "pid": 1360,
    "index": 71
  },
  {
    "name": "Load Router",
    "start": 1649842727028,
    "end": 1649842727032,
    "duration": 4,
    "pid": 1360,
    "index": 72
  },
  {
    "name": "Require(53) app/router.js",
    "start": 1649842727029,
    "end": 1649842727029,
    "duration": 0,
    "pid": 1360,
    "index": 73
  },
  {
    "name": "Before Start in node_modules/egg-core/lib/egg.js:303:10",
    "start": 1649842727029,
    "end": 1649842727082,
    "duration": 53,
    "pid": 1360,
    "index": 74
  },
  {
    "name": "Load \"model\" to Application",
    "start": 1649842727048,
    "end": 1649842727081,
    "duration": 33,
    "pid": 1360,
    "index": 75
  }
]