[
  {
    "name": "Process Start",
    "start": 1649858263550,
    "end": 1649858264581,
    "duration": 1031,
    "pid": 7360,
    "index": 0
  },
  {
    "name": "Application Start",
    "start": 1649858264582,
    "end": 1649858265424,
    "duration": 842,
    "pid": 7360,
    "index": 1
  },
  {
    "name": "Load Plugin",
    "start": 1649858264585,
    "end": 1649858264604,
    "duration": 19,
    "pid": 7360,
    "index": 2
  },
  {
    "name": "Load Config",
    "start": 1649858264604,
    "end": 1649858264624,
    "duration": 20,
    "pid": 7360,
    "index": 3
  },
  {
    "name": "Require(0) config/config.default.js",
    "start": 1649858264605,
    "end": 1649858264605,
    "duration": 0,
    "pid": 7360,
    "index": 4
  },
  {
    "name": "Require(1) node_modules/egg-session/config/config.default.js",
    "start": 1649858264606,
    "end": 1649858264607,
    "duration": 1,
    "pid": 7360,
    "index": 5
  },
  {
    "name": "Require(2) node_modules/egg-security/config/config.default.js",
    "start": 1649858264607,
    "end": 1649858264608,
    "duration": 1,
    "pid": 7360,
    "index": 6
  },
  {
    "name": "Require(3) node_modules/egg-jsonp/config/config.default.js",
    "start": 1649858264608,
    "end": 1649858264609,
    "duration": 1,
    "pid": 7360,
    "index": 7
  },
  {
    "name": "Require(4) node_modules/egg-onerror/config/config.default.js",
    "start": 1649858264609,
    "end": 1649858264610,
    "duration": 1,
    "pid": 7360,
    "index": 8
  },
  {
    "name": "Require(5) node_modules/egg-i18n/config/config.default.js",
    "start": 1649858264610,
    "end": 1649858264610,
    "duration": 0,
    "pid": 7360,
    "index": 9
  },
  {
    "name": "Require(6) node_modules/egg-watcher/config/config.default.js",
    "start": 1649858264611,
    "end": 1649858264611,
    "duration": 0,
    "pid": 7360,
    "index": 10
  },
  {
    "name": "Require(7) node_modules/egg-schedule/config/config.default.js",
    "start": 1649858264612,
    "end": 1649858264612,
    "duration": 0,
    "pid": 7360,
    "index": 11
  },
  {
    "name": "Require(8) node_modules/egg-multipart/config/config.default.js",
    "start": 1649858264613,
    "end": 1649858264613,
    "duration": 0,
    "pid": 7360,
    "index": 12
  },
  {
    "name": "Require(9) node_modules/egg-development/config/config.default.js",
    "start": 1649858264614,
    "end": 1649858264614,
    "duration": 0,
    "pid": 7360,
    "index": 13
  },
  {
    "name": "Require(10) node_modules/egg-logrotator/config/config.default.js",
    "start": 1649858264614,
    "end": 1649858264615,
    "duration": 1,
    "pid": 7360,
    "index": 14
  },
  {
    "name": "Require(11) node_modules/egg-static/config/config.default.js",
    "start": 1649858264615,
    "end": 1649858264615,
    "duration": 0,
    "pid": 7360,
    "index": 15
  },
  {
    "name": "Require(12) node_modules/egg-view/config/config.default.js",
    "start": 1649858264616,
    "end": 1649858264616,
    "duration": 0,
    "pid": 7360,
    "index": 16
  },
  {
    "name": "Require(13) node_modules/egg-mongoose/config/config.default.js",
    "start": 1649858264617,
    "end": 1649858264617,
    "duration": 0,
    "pid": 7360,
    "index": 17
  },
  {
    "name": "Require(14) node_modules/egg-validate/config/config.default.js",
    "start": 1649858264617,
    "end": 1649858264618,
    "duration": 1,
    "pid": 7360,
    "index": 18
  },
  {
    "name": "Require(15) node_modules/egg-cors/config/config.default.js",
    "start": 1649858264618,
    "end": 1649858264618,
    "duration": 0,
    "pid": 7360,
    "index": 19
  },
  {
    "name": "Require(16) node_modules/egg/config/config.default.js",
    "start": 1649858264619,
    "end": 1649858264619,
    "duration": 0,
    "pid": 7360,
    "index": 20
  },
  {
    "name": "Require(17) config/config.default.js",
    "start": 1649858264620,
    "end": 1649858264620,
    "duration": 0,
    "pid": 7360,
    "index": 21
  },
  {
    "name": "Require(18) node_modules/egg-security/config/config.local.js",
    "start": 1649858264621,
    "end": 1649858264621,
    "duration": 0,
    "pid": 7360,
    "index": 22
  },
  {
    "name": "Require(19) node_modules/egg-watcher/config/config.local.js",
    "start": 1649858264622,
    "end": 1649858264622,
    "duration": 0,
    "pid": 7360,
    "index": 23
  },
  {
    "name": "Require(20) node_modules/egg-view/config/config.local.js",
    "start": 1649858264623,
    "end": 1649858264623,
    "duration": 0,
    "pid": 7360,
    "index": 24
  },
  {
    "name": "Require(21) node_modules/egg/config/config.local.js",
    "start": 1649858264624,
    "end": 1649858264624,
    "duration": 0,
    "pid": 7360,
    "index": 25
  },
  {
    "name": "Load extend/application.js",
    "start": 1649858264626,
    "end": 1649858264642,
    "duration": 16,
    "pid": 7360,
    "index": 26
  },
  {
    "name": "Require(22) node_modules/egg-session/app/extend/application.js",
    "start": 1649858264626,
    "end": 1649858264626,
    "duration": 0,
    "pid": 7360,
    "index": 27
  },
  {
    "name": "Require(23) node_modules/egg-security/app/extend/application.js",
    "start": 1649858264627,
    "end": 1649858264628,
    "duration": 1,
    "pid": 7360,
    "index": 28
  },
  {
    "name": "Require(24) node_modules/egg-jsonp/app/extend/application.js",
    "start": 1649858264628,
    "end": 1649858264629,
    "duration": 1,
    "pid": 7360,
    "index": 29
  },
  {
    "name": "Require(25) node_modules/egg-logrotator/app/extend/application.js",
    "start": 1649858264632,
    "end": 1649858264637,
    "duration": 5,
    "pid": 7360,
    "index": 30
  },
  {
    "name": "Require(26) node_modules/egg-view/app/extend/application.js",
    "start": 1649858264638,
    "end": 1649858264640,
    "duration": 2,
    "pid": 7360,
    "index": 31
  },
  {
    "name": "Load extend/request.js",
    "start": 1649858264642,
    "end": 1649858264649,
    "duration": 7,
    "pid": 7360,
    "index": 32
  },
  {
    "name": "Require(27) node_modules/egg/app/extend/request.js",
    "start": 1649858264645,
    "end": 1649858264647,
    "duration": 2,
    "pid": 7360,
    "index": 33
  },
  {
    "name": "Load extend/response.js",
    "start": 1649858264649,
    "end": 1649858264655,
    "duration": 6,
    "pid": 7360,
    "index": 34
  },
  {
    "name": "Require(28) node_modules/egg/app/extend/response.js",
    "start": 1649858264651,
    "end": 1649858264653,
    "duration": 2,
    "pid": 7360,
    "index": 35
  },
  {
    "name": "Load extend/context.js",
    "start": 1649858264655,
    "end": 1649858264718,
    "duration": 63,
    "pid": 7360,
    "index": 36
  },
  {
    "name": "Require(29) node_modules/egg-security/app/extend/context.js",
    "start": 1649858264655,
    "end": 1649858264666,
    "duration": 11,
    "pid": 7360,
    "index": 37
  },
  {
    "name": "Require(30) node_modules/egg-jsonp/app/extend/context.js",
    "start": 1649858264666,
    "end": 1649858264668,
    "duration": 2,
    "pid": 7360,
    "index": 38
  },
  {
    "name": "Require(31) node_modules/egg-i18n/app/extend/context.js",
    "start": 1649858264668,
    "end": 1649858264668,
    "duration": 0,
    "pid": 7360,
    "index": 39
  },
  {
    "name": "Require(32) node_modules/egg-multipart/app/extend/context.js",
    "start": 1649858264669,
    "end": 1649858264711,
    "duration": 42,
    "pid": 7360,
    "index": 40
  },
  {
    "name": "Require(33) node_modules/egg-view/app/extend/context.js",
    "start": 1649858264711,
    "end": 1649858264712,
    "duration": 1,
    "pid": 7360,
    "index": 41
  },
  {
    "name": "Require(34) node_modules/egg-mongoose/app/extend/context.js",
    "start": 1649858264713,
    "end": 1649858264713,
    "duration": 0,
    "pid": 7360,
    "index": 42
  },
  {
    "name": "Require(35) node_modules/egg-validate/app/extend/context.js",
    "start": 1649858264713,
    "end": 1649858264714,
    "duration": 1,
    "pid": 7360,
    "index": 43
  },
  {
    "name": "Require(36) node_modules/egg/app/extend/context.js",
    "start": 1649858264714,
    "end": 1649858264715,
    "duration": 1,
    "pid": 7360,
    "index": 44
  },
  {
    "name": "Load extend/helper.js",
    "start": 1649858264718,
    "end": 1649858264753,
    "duration": 35,
    "pid": 7360,
    "index": 45
  },
  {
    "name": "Require(37) node_modules/egg-security/app/extend/helper.js",
    "start": 1649858264718,
    "end": 1649858264731,
    "duration": 13,
    "pid": 7360,
    "index": 46
  },
  {
    "name": "Require(38) node_modules/egg/app/extend/helper.js",
    "start": 1649858264733,
    "end": 1649858264734,
    "duration": 1,
    "pid": 7360,
    "index": 47
  },
  {
    "name": "Require(39) app/extend/helper.js",
    "start": 1649858264734,
    "end": 1649858264751,
    "duration": 17,
    "pid": 7360,
    "index": 48
  },
  {
    "name": "Load app.js",
    "start": 1649858264753,
    "end": 1649858264789,
    "duration": 36,
    "pid": 7360,
    "index": 49
  },
  {
    "name": "Require(40) node_modules/egg-session/app.js",
    "start": 1649858264754,
    "end": 1649858264754,
    "duration": 0,
    "pid": 7360,
    "index": 50
  },
  {
    "name": "Require(41) node_modules/egg-security/app.js",
    "start": 1649858264754,
    "end": 1649858264756,
    "duration": 2,
    "pid": 7360,
    "index": 51
  },
  {
    "name": "Require(42) node_modules/egg-onerror/app.js",
    "start": 1649858264756,
    "end": 1649858264763,
    "duration": 7,
    "pid": 7360,
    "index": 52
  },
  {
    "name": "Require(43) node_modules/egg-i18n/app.js",
    "start": 1649858264764,
    "end": 1649858264772,
    "duration": 8,
    "pid": 7360,
    "index": 53
  },
  {
    "name": "Require(44) node_modules/egg-watcher/app.js",
    "start": 1649858264774,
    "end": 1649858264777,
    "duration": 3,
    "pid": 7360,
    "index": 54
  },
  {
    "name": "Require(45) node_modules/egg-schedule/app.js",
    "start": 1649858264777,
    "end": 1649858264779,
    "duration": 2,
    "pid": 7360,
    "index": 55
  },
  {
    "name": "Require(46) node_modules/egg-multipart/app.js",
    "start": 1649858264779,
    "end": 1649858264780,
    "duration": 1,
    "pid": 7360,
    "index": 56
  },
  {
    "name": "Require(47) node_modules/egg-development/app.js",
    "start": 1649858264780,
    "end": 1649858264781,
    "duration": 1,
    "pid": 7360,
    "index": 57
  },
  {
    "name": "Require(48) node_modules/egg-logrotator/app.js",
    "start": 1649858264781,
    "end": 1649858264781,
    "duration": 0,
    "pid": 7360,
    "index": 58
  },
  {
    "name": "Require(49) node_modules/egg-static/app.js",
    "start": 1649858264781,
    "end": 1649858264782,
    "duration": 1,
    "pid": 7360,
    "index": 59
  },
  {
    "name": "Require(50) node_modules/egg-mongoose/app.js",
    "start": 1649858264782,
    "end": 1649858264783,
    "duration": 1,
    "pid": 7360,
    "index": 60
  },
  {
    "name": "Require(51) node_modules/egg-validate/app.js",
    "start": 1649858264783,
    "end": 1649858264784,
    "duration": 1,
    "pid": 7360,
    "index": 61
  },
  {
    "name": "Require(52) node_modules/egg-cors/app.js",
    "start": 1649858264785,
    "end": 1649858264785,
    "duration": 0,
    "pid": 7360,
    "index": 62
  },
  {
    "name": "Before Start in node_modules/egg-watcher/lib/init.js:15:14",
    "start": 1649858264797,
    "end": 1649858265424,
    "duration": 627,
    "pid": 7360,
    "index": 63
  },
  {
    "name": "Before Start in node_modules/egg-mongoose/lib/mongoose.js:104:7",
    "start": 1649858265227,
    "end": 1649858265421,
    "duration": 194,
    "pid": 7360,
    "index": 64
  },
  {
    "name": "Before Start in node_modules/egg-mongoose/lib/mongoose.js:52:9",
    "start": 1649858265227,
    "end": 1649858265404,
    "duration": 177,
    "pid": 7360,
    "index": 65
  },
  {
    "name": "Load Service",
    "start": 1649858265227,
    "end": 1649858265258,
    "duration": 31,
    "pid": 7360,
    "index": 66
  },
  {
    "name": "Load \"service\" to Context",
    "start": 1649858265228,
    "end": 1649858265258,
    "duration": 30,
    "pid": 7360,
    "index": 67
  },
  {
    "name": "Load Middleware",
    "start": 1649858265258,
    "end": 1649858265356,
    "duration": 98,
    "pid": 7360,
    "index": 68
  },
  {
    "name": "Load \"middlewares\" to Application",
    "start": 1649858265258,
    "end": 1649858265345,
    "duration": 87,
    "pid": 7360,
    "index": 69
  },
  {
    "name": "Load Controller",
    "start": 1649858265356,
    "end": 1649858265360,
    "duration": 4,
    "pid": 7360,
    "index": 70
  },
  {
    "name": "Load \"controller\" to Application",
    "start": 1649858265356,
    "end": 1649858265360,
    "duration": 4,
    "pid": 7360,
    "index": 71
  },
  {
    "name": "Load Router",
    "start": 1649858265360,
    "end": 1649858265363,
    "duration": 3,
    "pid": 7360,
    "index": 72
  },
  {
    "name": "Require(53) app/router.js",
    "start": 1649858265360,
    "end": 1649858265360,
    "duration": 0,
    "pid": 7360,
    "index": 73
  },
  {
    "name": "Before Start in node_modules/egg-core/lib/egg.js:303:10",
    "start": 1649858265361,
    "end": 1649858265404,
    "duration": 43,
    "pid": 7360,
    "index": 74
  },
  {
    "name": "Load \"model\" to Application",
    "start": 1649858265377,
    "end": 1649858265403,
    "duration": 26,
    "pid": 7360,
    "index": 75
  }
]