[
  {
    "name": "Process Start",
    "start": 1649841530090,
    "end": 1649841531297,
    "duration": 1207,
    "pid": 14548,
    "index": 0
  },
  {
    "name": "Application Start",
    "start": 1649841531298,
    "end": 1649841532793,
    "duration": 1495,
    "pid": 14548,
    "index": 1
  },
  {
    "name": "Load Plugin",
    "start": 1649841531302,
    "end": 1649841531327,
    "duration": 25,
    "pid": 14548,
    "index": 2
  },
  {
    "name": "Load Config",
    "start": 1649841531327,
    "end": 1649841531350,
    "duration": 23,
    "pid": 14548,
    "index": 3
  },
  {
    "name": "Require(0) config/config.default.js",
    "start": 1649841531328,
    "end": 1649841531328,
    "duration": 0,
    "pid": 14548,
    "index": 4
  },
  {
    "name": "Require(1) node_modules/egg-session/config/config.default.js",
    "start": 1649841531330,
    "end": 1649841531330,
    "duration": 0,
    "pid": 14548,
    "index": 5
  },
  {
    "name": "Require(2) node_modules/egg-security/config/config.default.js",
    "start": 1649841531330,
    "end": 1649841531331,
    "duration": 1,
    "pid": 14548,
    "index": 6
  },
  {
    "name": "Require(3) node_modules/egg-jsonp/config/config.default.js",
    "start": 1649841531332,
    "end": 1649841531332,
    "duration": 0,
    "pid": 14548,
    "index": 7
  },
  {
    "name": "Require(4) node_modules/egg-onerror/config/config.default.js",
    "start": 1649841531333,
    "end": 1649841531333,
    "duration": 0,
    "pid": 14548,
    "index": 8
  },
  {
    "name": "Require(5) node_modules/egg-i18n/config/config.default.js",
    "start": 1649841531334,
    "end": 1649841531334,
    "duration": 0,
    "pid": 14548,
    "index": 9
  },
  {
    "name": "Require(6) node_modules/egg-watcher/config/config.default.js",
    "start": 1649841531335,
    "end": 1649841531335,
    "duration": 0,
    "pid": 14548,
    "index": 10
  },
  {
    "name": "Require(7) node_modules/egg-schedule/config/config.default.js",
    "start": 1649841531336,
    "end": 1649841531336,
    "duration": 0,
    "pid": 14548,
    "index": 11
  },
  {
    "name": "Require(8) node_modules/egg-multipart/config/config.default.js",
    "start": 1649841531336,
    "end": 1649841531337,
    "duration": 1,
    "pid": 14548,
    "index": 12
  },
  {
    "name": "Require(9) node_modules/egg-development/config/config.default.js",
    "start": 1649841531337,
    "end": 1649841531338,
    "duration": 1,
    "pid": 14548,
    "index": 13
  },
  {
    "name": "Require(10) node_modules/egg-logrotator/config/config.default.js",
    "start": 1649841531338,
    "end": 1649841531339,
    "duration": 1,
    "pid": 14548,
    "index": 14
  },
  {
    "name": "Require(11) node_modules/egg-static/config/config.default.js",
    "start": 1649841531339,
    "end": 1649841531339,
    "duration": 0,
    "pid": 14548,
    "index": 15
  },
  {
    "name": "Require(12) node_modules/egg-view/config/config.default.js",
    "start": 1649841531340,
    "end": 1649841531340,
    "duration": 0,
    "pid": 14548,
    "index": 16
  },
  {
    "name": "Require(13) node_modules/egg-mongoose/config/config.default.js",
    "start": 1649841531340,
    "end": 1649841531341,
    "duration": 1,
    "pid": 14548,
    "index": 17
  },
  {
    "name": "Require(14) node_modules/egg-validate/config/config.default.js",
    "start": 1649841531341,
    "end": 1649841531341,
    "duration": 0,
    "pid": 14548,
    "index": 18
  },
  {
    "name": "Require(15) node_modules/egg-cors/config/config.default.js",
    "start": 1649841531342,
    "end": 1649841531342,
    "duration": 0,
    "pid": 14548,
    "index": 19
  },
  {
    "name": "Require(16) node_modules/egg/config/config.default.js",
    "start": 1649841531342,
    "end": 1649841531343,
    "duration": 1,
    "pid": 14548,
    "index": 20
  },
  {
    "name": "Require(17) config/config.default.js",
    "start": 1649841531345,
    "end": 1649841531345,
    "duration": 0,
    "pid": 14548,
    "index": 21
  },
  {
    "name": "Require(18) node_modules/egg-security/config/config.local.js",
    "start": 1649841531346,
    "end": 1649841531346,
    "duration": 0,
    "pid": 14548,
    "index": 22
  },
  {
    "name": "Require(19) node_modules/egg-watcher/config/config.local.js",
    "start": 1649841531347,
    "end": 1649841531347,
    "duration": 0,
    "pid": 14548,
    "index": 23
  },
  {
    "name": "Require(20) node_modules/egg-view/config/config.local.js",
    "start": 1649841531349,
    "end": 1649841531349,
    "duration": 0,
    "pid": 14548,
    "index": 24
  },
  {
    "name": "Require(21) node_modules/egg/config/config.local.js",
    "start": 1649841531350,
    "end": 1649841531350,
    "duration": 0,
    "pid": 14548,
    "index": 25
  },
  {
    "name": "Load extend/application.js",
    "start": 1649841531352,
    "end": 1649841531391,
    "duration": 39,
    "pid": 14548,
    "index": 26
  },
  {
    "name": "Require(22) node_modules/egg-session/app/extend/application.js",
    "start": 1649841531352,
    "end": 1649841531366,
    "duration": 14,
    "pid": 14548,
    "index": 27
  },
  {
    "name": "Require(23) node_modules/egg-security/app/extend/application.js",
    "start": 1649841531367,
    "end": 1649841531370,
    "duration": 3,
    "pid": 14548,
    "index": 28
  },
  {
    "name": "Require(24) node_modules/egg-jsonp/app/extend/application.js",
    "start": 1649841531371,
    "end": 1649841531373,
    "duration": 2,
    "pid": 14548,
    "index": 29
  },
  {
    "name": "Require(25) node_modules/egg-logrotator/app/extend/application.js",
    "start": 1649841531377,
    "end": 1649841531385,
    "duration": 8,
    "pid": 14548,
    "index": 30
  },
  {
    "name": "Require(26) node_modules/egg-view/app/extend/application.js",
    "start": 1649841531386,
    "end": 1649841531388,
    "duration": 2,
    "pid": 14548,
    "index": 31
  },
  {
    "name": "Load extend/request.js",
    "start": 1649841531391,
    "end": 1649841531400,
    "duration": 9,
    "pid": 14548,
    "index": 32
  },
  {
    "name": "Require(27) node_modules/egg/app/extend/request.js",
    "start": 1649841531395,
    "end": 1649841531397,
    "duration": 2,
    "pid": 14548,
    "index": 33
  },
  {
    "name": "Load extend/response.js",
    "start": 1649841531400,
    "end": 1649841531409,
    "duration": 9,
    "pid": 14548,
    "index": 34
  },
  {
    "name": "Require(28) node_modules/egg/app/extend/response.js",
    "start": 1649841531402,
    "end": 1649841531406,
    "duration": 4,
    "pid": 14548,
    "index": 35
  },
  {
    "name": "Load extend/context.js",
    "start": 1649841531409,
    "end": 1649841531479,
    "duration": 70,
    "pid": 14548,
    "index": 36
  },
  {
    "name": "Require(29) node_modules/egg-security/app/extend/context.js",
    "start": 1649841531409,
    "end": 1649841531420,
    "duration": 11,
    "pid": 14548,
    "index": 37
  },
  {
    "name": "Require(30) node_modules/egg-jsonp/app/extend/context.js",
    "start": 1649841531420,
    "end": 1649841531421,
    "duration": 1,
    "pid": 14548,
    "index": 38
  },
  {
    "name": "Require(31) node_modules/egg-i18n/app/extend/context.js",
    "start": 1649841531422,
    "end": 1649841531422,
    "duration": 0,
    "pid": 14548,
    "index": 39
  },
  {
    "name": "Require(32) node_modules/egg-multipart/app/extend/context.js",
    "start": 1649841531422,
    "end": 1649841531471,
    "duration": 49,
    "pid": 14548,
    "index": 40
  },
  {
    "name": "Require(33) node_modules/egg-view/app/extend/context.js",
    "start": 1649841531472,
    "end": 1649841531473,
    "duration": 1,
    "pid": 14548,
    "index": 41
  },
  {
    "name": "Require(34) node_modules/egg-mongoose/app/extend/context.js",
    "start": 1649841531473,
    "end": 1649841531473,
    "duration": 0,
    "pid": 14548,
    "index": 42
  },
  {
    "name": "Require(35) node_modules/egg-validate/app/extend/context.js",
    "start": 1649841531474,
    "end": 1649841531474,
    "duration": 0,
    "pid": 14548,
    "index": 43
  },
  {
    "name": "Require(36) node_modules/egg/app/extend/context.js",
    "start": 1649841531474,
    "end": 1649841531476,
    "duration": 2,
    "pid": 14548,
    "index": 44
  },
  {
    "name": "Load extend/helper.js",
    "start": 1649841531480,
    "end": 1649841531531,
    "duration": 51,
    "pid": 14548,
    "index": 45
  },
  {
    "name": "Require(37) node_modules/egg-security/app/extend/helper.js",
    "start": 1649841531480,
    "end": 1649841531505,
    "duration": 25,
    "pid": 14548,
    "index": 46
  },
  {
    "name": "Require(38) node_modules/egg/app/extend/helper.js",
    "start": 1649841531508,
    "end": 1649841531509,
    "duration": 1,
    "pid": 14548,
    "index": 47
  },
  {
    "name": "Require(39) app/extend/helper.js",
    "start": 1649841531510,
    "end": 1649841531528,
    "duration": 18,
    "pid": 14548,
    "index": 48
  },
  {
    "name": "Load app.js",
    "start": 1649841531531,
    "end": 1649841531594,
    "duration": 63,
    "pid": 14548,
    "index": 49
  },
  {
    "name": "Require(40) node_modules/egg-session/app.js",
    "start": 1649841531531,
    "end": 1649841531532,
    "duration": 1,
    "pid": 14548,
    "index": 50
  },
  {
    "name": "Require(41) node_modules/egg-security/app.js",
    "start": 1649841531532,
    "end": 1649841531534,
    "duration": 2,
    "pid": 14548,
    "index": 51
  },
  {
    "name": "Require(42) node_modules/egg-onerror/app.js",
    "start": 1649841531535,
    "end": 1649841531550,
    "duration": 15,
    "pid": 14548,
    "index": 52
  },
  {
    "name": "Require(43) node_modules/egg-i18n/app.js",
    "start": 1649841531550,
    "end": 1649841531566,
    "duration": 16,
    "pid": 14548,
    "index": 53
  },
  {
    "name": "Require(44) node_modules/egg-watcher/app.js",
    "start": 1649841531569,
    "end": 1649841531573,
    "duration": 4,
    "pid": 14548,
    "index": 54
  },
  {
    "name": "Require(45) node_modules/egg-schedule/app.js",
    "start": 1649841531573,
    "end": 1649841531576,
    "duration": 3,
    "pid": 14548,
    "index": 55
  },
  {
    "name": "Require(46) node_modules/egg-multipart/app.js",
    "start": 1649841531577,
    "end": 1649841531578,
    "duration": 1,
    "pid": 14548,
    "index": 56
  },
  {
    "name": "Require(47) node_modules/egg-development/app.js",
    "start": 1649841531579,
    "end": 1649841531579,
    "duration": 0,
    "pid": 14548,
    "index": 57
  },
  {
    "name": "Require(48) node_modules/egg-logrotator/app.js",
    "start": 1649841531580,
    "end": 1649841531580,
    "duration": 0,
    "pid": 14548,
    "index": 58
  },
  {
    "name": "Require(49) node_modules/egg-static/app.js",
    "start": 1649841531581,
    "end": 1649841531581,
    "duration": 0,
    "pid": 14548,
    "index": 59
  },
  {
    "name": "Require(50) node_modules/egg-mongoose/app.js",
    "start": 1649841531582,
    "end": 1649841531583,
    "duration": 1,
    "pid": 14548,
    "index": 60
  },
  {
    "name": "Require(51) node_modules/egg-validate/app.js",
    "start": 1649841531584,
    "end": 1649841531591,
    "duration": 7,
    "pid": 14548,
    "index": 61
  },
  {
    "name": "Require(52) node_modules/egg-cors/app.js",
    "start": 1649841531591,
    "end": 1649841531592,
    "duration": 1,
    "pid": 14548,
    "index": 62
  },
  {
    "name": "Before Start in node_modules/egg-watcher/lib/init.js:15:14",
    "start": 1649841531608,
    "end": 1649841532793,
    "duration": 1185,
    "pid": 14548,
    "index": 63
  },
  {
    "name": "Before Start in node_modules/egg-mongoose/lib/mongoose.js:104:7",
    "start": 1649841532433,
    "end": 1649841532790,
    "duration": 357,
    "pid": 14548,
    "index": 64
  },
  {
    "name": "Before Start in node_modules/egg-mongoose/lib/mongoose.js:52:9",
    "start": 1649841532433,
    "end": 1649841532768,
    "duration": 335,
    "pid": 14548,
    "index": 65
  },
  {
    "name": "Load Service",
    "start": 1649841532433,
    "end": 1649841532481,
    "duration": 48,
    "pid": 14548,
    "index": 66
  },
  {
    "name": "Load \"service\" to Context",
    "start": 1649841532433,
    "end": 1649841532481,
    "duration": 48,
    "pid": 14548,
    "index": 67
  },
  {
    "name": "Load Middleware",
    "start": 1649841532481,
    "end": 1649841532706,
    "duration": 225,
    "pid": 14548,
    "index": 68
  },
  {
    "name": "Load \"middlewares\" to Application",
    "start": 1649841532481,
    "end": 1649841532693,
    "duration": 212,
    "pid": 14548,
    "index": 69
  },
  {
    "name": "Load Controller",
    "start": 1649841532706,
    "end": 1649841532709,
    "duration": 3,
    "pid": 14548,
    "index": 70
  },
  {
    "name": "Load \"controller\" to Application",
    "start": 1649841532706,
    "end": 1649841532709,
    "duration": 3,
    "pid": 14548,
    "index": 71
  },
  {
    "name": "Load Router",
    "start": 1649841532709,
    "end": 1649841532712,
    "duration": 3,
    "pid": 14548,
    "index": 72
  },
  {
    "name": "Require(53) app/router.js",
    "start": 1649841532710,
    "end": 1649841532710,
    "duration": 0,
    "pid": 14548,
    "index": 73
  },
  {
    "name": "Before Start in node_modules/egg-core/lib/egg.js:303:10",
    "start": 1649841532710,
    "end": 1649841532768,
    "duration": 58,
    "pid": 14548,
    "index": 74
  },
  {
    "name": "Load \"model\" to Application",
    "start": 1649841532733,
    "end": 1649841532768,
    "duration": 35,
    "pid": 14548,
    "index": 75
  }
]