[
  {
    "name": "Process Start",
    "start": 1649858542703,
    "end": 1649858544366,
    "duration": 1663,
    "pid": 16152,
    "index": 0
  },
  {
    "name": "Application Start",
    "start": 1649858544369,
    "end": 1649858546347,
    "duration": 1978,
    "pid": 16152,
    "index": 1
  },
  {
    "name": "Load Plugin",
    "start": 1649858544377,
    "end": 1649858544421,
    "duration": 44,
    "pid": 16152,
    "index": 2
  },
  {
    "name": "Load Config",
    "start": 1649858544422,
    "end": 1649858544495,
    "duration": 73,
    "pid": 16152,
    "index": 3
  },
  {
    "name": "Require(0) config/config.default.js",
    "start": 1649858544426,
    "end": 1649858544427,
    "duration": 1,
    "pid": 16152,
    "index": 4
  },
  {
    "name": "Require(1) node_modules/egg-session/config/config.default.js",
    "start": 1649858544431,
    "end": 1649858544432,
    "duration": 1,
    "pid": 16152,
    "index": 5
  },
  {
    "name": "Require(2) node_modules/egg-security/config/config.default.js",
    "start": 1649858544435,
    "end": 1649858544441,
    "duration": 6,
    "pid": 16152,
    "index": 6
  },
  {
    "name": "Require(3) node_modules/egg-jsonp/config/config.default.js",
    "start": 1649858544444,
    "end": 1649858544447,
    "duration": 3,
    "pid": 16152,
    "index": 7
  },
  {
    "name": "Require(4) node_modules/egg-onerror/config/config.default.js",
    "start": 1649858544448,
    "end": 1649858544449,
    "duration": 1,
    "pid": 16152,
    "index": 8
  },
  {
    "name": "Require(5) node_modules/egg-i18n/config/config.default.js",
    "start": 1649858544450,
    "end": 1649858544454,
    "duration": 4,
    "pid": 16152,
    "index": 9
  },
  {
    "name": "Require(6) node_modules/egg-watcher/config/config.default.js",
    "start": 1649858544458,
    "end": 1649858544460,
    "duration": 2,
    "pid": 16152,
    "index": 10
  },
  {
    "name": "Require(7) node_modules/egg-schedule/config/config.default.js",
    "start": 1649858544460,
    "end": 1649858544461,
    "duration": 1,
    "pid": 16152,
    "index": 11
  },
  {
    "name": "Require(8) node_modules/egg-multipart/config/config.default.js",
    "start": 1649858544462,
    "end": 1649858544463,
    "duration": 1,
    "pid": 16152,
    "index": 12
  },
  {
    "name": "Require(9) node_modules/egg-development/config/config.default.js",
    "start": 1649858544464,
    "end": 1649858544465,
    "duration": 1,
    "pid": 16152,
    "index": 13
  },
  {
    "name": "Require(10) node_modules/egg-logrotator/config/config.default.js",
    "start": 1649858544466,
    "end": 1649858544466,
    "duration": 0,
    "pid": 16152,
    "index": 14
  },
  {
    "name": "Require(11) node_modules/egg-static/config/config.default.js",
    "start": 1649858544469,
    "end": 1649858544472,
    "duration": 3,
    "pid": 16152,
    "index": 15
  },
  {
    "name": "Require(12) node_modules/egg-view/config/config.default.js",
    "start": 1649858544475,
    "end": 1649858544476,
    "duration": 1,
    "pid": 16152,
    "index": 16
  },
  {
    "name": "Require(13) node_modules/egg-mongoose/config/config.default.js",
    "start": 1649858544477,
    "end": 1649858544478,
    "duration": 1,
    "pid": 16152,
    "index": 17
  },
  {
    "name": "Require(14) node_modules/egg-validate/config/config.default.js",
    "start": 1649858544479,
    "end": 1649858544479,
    "duration": 0,
    "pid": 16152,
    "index": 18
  },
  {
    "name": "Require(15) node_modules/egg-cors/config/config.default.js",
    "start": 1649858544480,
    "end": 1649858544480,
    "duration": 0,
    "pid": 16152,
    "index": 19
  },
  {
    "name": "Require(16) node_modules/egg/config/config.default.js",
    "start": 1649858544481,
    "end": 1649858544481,
    "duration": 0,
    "pid": 16152,
    "index": 20
  },
  {
    "name": "Require(17) config/config.default.js",
    "start": 1649858544483,
    "end": 1649858544483,
    "duration": 0,
    "pid": 16152,
    "index": 21
  },
  {
    "name": "Require(18) node_modules/egg-security/config/config.local.js",
    "start": 1649858544486,
    "end": 1649858544487,
    "duration": 1,
    "pid": 16152,
    "index": 22
  },
  {
    "name": "Require(19) node_modules/egg-watcher/config/config.local.js",
    "start": 1649858544490,
    "end": 1649858544491,
    "duration": 1,
    "pid": 16152,
    "index": 23
  },
  {
    "name": "Require(20) node_modules/egg-view/config/config.local.js",
    "start": 1649858544493,
    "end": 1649858544493,
    "duration": 0,
    "pid": 16152,
    "index": 24
  },
  {
    "name": "Require(21) node_modules/egg/config/config.local.js",
    "start": 1649858544494,
    "end": 1649858544495,
    "duration": 1,
    "pid": 16152,
    "index": 25
  },
  {
    "name": "Load extend/application.js",
    "start": 1649858544497,
    "end": 1649858544790,
    "duration": 293,
    "pid": 16152,
    "index": 26
  },
  {
    "name": "Require(22) node_modules/egg-session/app/extend/application.js",
    "start": 1649858544498,
    "end": 1649858544498,
    "duration": 0,
    "pid": 16152,
    "index": 27
  },
  {
    "name": "Require(23) node_modules/egg-security/app/extend/application.js",
    "start": 1649858544499,
    "end": 1649858544508,
    "duration": 9,
    "pid": 16152,
    "index": 28
  },
  {
    "name": "Require(24) node_modules/egg-jsonp/app/extend/application.js",
    "start": 1649858544509,
    "end": 1649858544516,
    "duration": 7,
    "pid": 16152,
    "index": 29
  },
  {
    "name": "Require(25) node_modules/egg-logrotator/app/extend/application.js",
    "start": 1649858544548,
    "end": 1649858544771,
    "duration": 223,
    "pid": 16152,
    "index": 30
  },
  {
    "name": "Require(26) node_modules/egg-view/app/extend/application.js",
    "start": 1649858544774,
    "end": 1649858544778,
    "duration": 4,
    "pid": 16152,
    "index": 31
  },
  {
    "name": "Load extend/request.js",
    "start": 1649858544791,
    "end": 1649858544834,
    "duration": 43,
    "pid": 16152,
    "index": 32
  },
  {
    "name": "Require(27) node_modules/egg/app/extend/request.js",
    "start": 1649858544823,
    "end": 1649858544826,
    "duration": 3,
    "pid": 16152,
    "index": 33
  },
  {
    "name": "Load extend/response.js",
    "start": 1649858544834,
    "end": 1649858544861,
    "duration": 27,
    "pid": 16152,
    "index": 34
  },
  {
    "name": "Require(28) node_modules/egg/app/extend/response.js",
    "start": 1649858544845,
    "end": 1649858544853,
    "duration": 8,
    "pid": 16152,
    "index": 35
  },
  {
    "name": "Load extend/context.js",
    "start": 1649858544861,
    "end": 1649858545074,
    "duration": 213,
    "pid": 16152,
    "index": 36
  },
  {
    "name": "Require(29) node_modules/egg-security/app/extend/context.js",
    "start": 1649858544863,
    "end": 1649858544912,
    "duration": 49,
    "pid": 16152,
    "index": 37
  },
  {
    "name": "Require(30) node_modules/egg-jsonp/app/extend/context.js",
    "start": 1649858544913,
    "end": 1649858544916,
    "duration": 3,
    "pid": 16152,
    "index": 38
  },
  {
    "name": "Require(31) node_modules/egg-i18n/app/extend/context.js",
    "start": 1649858544917,
    "end": 1649858544919,
    "duration": 2,
    "pid": 16152,
    "index": 39
  },
  {
    "name": "Require(32) node_modules/egg-multipart/app/extend/context.js",
    "start": 1649858544921,
    "end": 1649858545057,
    "duration": 136,
    "pid": 16152,
    "index": 40
  },
  {
    "name": "Require(33) node_modules/egg-view/app/extend/context.js",
    "start": 1649858545058,
    "end": 1649858545060,
    "duration": 2,
    "pid": 16152,
    "index": 41
  },
  {
    "name": "Require(34) node_modules/egg-mongoose/app/extend/context.js",
    "start": 1649858545061,
    "end": 1649858545061,
    "duration": 0,
    "pid": 16152,
    "index": 42
  },
  {
    "name": "Require(35) node_modules/egg-validate/app/extend/context.js",
    "start": 1649858545062,
    "end": 1649858545063,
    "duration": 1,
    "pid": 16152,
    "index": 43
  },
  {
    "name": "Require(36) node_modules/egg/app/extend/context.js",
    "start": 1649858545064,
    "end": 1649858545067,
    "duration": 3,
    "pid": 16152,
    "index": 44
  },
  {
    "name": "Load extend/helper.js",
    "start": 1649858545074,
    "end": 1649858545145,
    "duration": 71,
    "pid": 16152,
    "index": 45
  },
  {
    "name": "Require(37) node_modules/egg-security/app/extend/helper.js",
    "start": 1649858545075,
    "end": 1649858545106,
    "duration": 31,
    "pid": 16152,
    "index": 46
  },
  {
    "name": "Require(38) node_modules/egg/app/extend/helper.js",
    "start": 1649858545110,
    "end": 1649858545111,
    "duration": 1,
    "pid": 16152,
    "index": 47
  },
  {
    "name": "Require(39) app/extend/helper.js",
    "start": 1649858545111,
    "end": 1649858545141,
    "duration": 30,
    "pid": 16152,
    "index": 48
  },
  {
    "name": "Load app.js",
    "start": 1649858545146,
    "end": 1649858545209,
    "duration": 63,
    "pid": 16152,
    "index": 49
  },
  {
    "name": "Require(40) node_modules/egg-session/app.js",
    "start": 1649858545146,
    "end": 1649858545147,
    "duration": 1,
    "pid": 16152,
    "index": 50
  },
  {
    "name": "Require(41) node_modules/egg-security/app.js",
    "start": 1649858545147,
    "end": 1649858545150,
    "duration": 3,
    "pid": 16152,
    "index": 51
  },
  {
    "name": "Require(42) node_modules/egg-onerror/app.js",
    "start": 1649858545150,
    "end": 1649858545164,
    "duration": 14,
    "pid": 16152,
    "index": 52
  },
  {
    "name": "Require(43) node_modules/egg-i18n/app.js",
    "start": 1649858545164,
    "end": 1649858545180,
    "duration": 16,
    "pid": 16152,
    "index": 53
  },
  {
    "name": "Require(44) node_modules/egg-watcher/app.js",
    "start": 1649858545183,
    "end": 1649858545190,
    "duration": 7,
    "pid": 16152,
    "index": 54
  },
  {
    "name": "Require(45) node_modules/egg-schedule/app.js",
    "start": 1649858545190,
    "end": 1649858545193,
    "duration": 3,
    "pid": 16152,
    "index": 55
  },
  {
    "name": "Require(46) node_modules/egg-multipart/app.js",
    "start": 1649858545193,
    "end": 1649858545194,
    "duration": 1,
    "pid": 16152,
    "index": 56
  },
  {
    "name": "Require(47) node_modules/egg-development/app.js",
    "start": 1649858545195,
    "end": 1649858545195,
    "duration": 0,
    "pid": 16152,
    "index": 57
  },
  {
    "name": "Require(48) node_modules/egg-logrotator/app.js",
    "start": 1649858545196,
    "end": 1649858545196,
    "duration": 0,
    "pid": 16152,
    "index": 58
  },
  {
    "name": "Require(49) node_modules/egg-static/app.js",
    "start": 1649858545197,
    "end": 1649858545197,
    "duration": 0,
    "pid": 16152,
    "index": 59
  },
  {
    "name": "Require(50) node_modules/egg-mongoose/app.js",
    "start": 1649858545198,
    "end": 1649858545199,
    "duration": 1,
    "pid": 16152,
    "index": 60
  },
  {
    "name": "Require(51) node_modules/egg-validate/app.js",
    "start": 1649858545199,
    "end": 1649858545202,
    "duration": 3,
    "pid": 16152,
    "index": 61
  },
  {
    "name": "Require(52) node_modules/egg-cors/app.js",
    "start": 1649858545202,
    "end": 1649858545203,
    "duration": 1,
    "pid": 16152,
    "index": 62
  },
  {
    "name": "Before Start in node_modules/egg-watcher/lib/init.js:15:14",
    "start": 1649858545227,
    "end": 1649858546347,
    "duration": 1120,
    "pid": 16152,
    "index": 63
  },
  {
    "name": "Before Start in node_modules/egg-mongoose/lib/mongoose.js:104:7",
    "start": 1649858545966,
    "end": 1649858546343,
    "duration": 377,
    "pid": 16152,
    "index": 64
  },
  {
    "name": "Before Start in node_modules/egg-mongoose/lib/mongoose.js:52:9",
    "start": 1649858545966,
    "end": 1649858546312,
    "duration": 346,
    "pid": 16152,
    "index": 65
  },
  {
    "name": "Load Service",
    "start": 1649858545966,
    "end": 1649858546018,
    "duration": 52,
    "pid": 16152,
    "index": 66
  },
  {
    "name": "Load \"service\" to Context",
    "start": 1649858545967,
    "end": 1649858546018,
    "duration": 51,
    "pid": 16152,
    "index": 67
  },
  {
    "name": "Load Middleware",
    "start": 1649858546019,
    "end": 1649858546240,
    "duration": 221,
    "pid": 16152,
    "index": 68
  },
  {
    "name": "Load \"middlewares\" to Application",
    "start": 1649858546019,
    "end": 1649858546218,
    "duration": 199,
    "pid": 16152,
    "index": 69
  },
  {
    "name": "Load Controller",
    "start": 1649858546240,
    "end": 1649858546245,
    "duration": 5,
    "pid": 16152,
    "index": 70
  },
  {
    "name": "Load \"controller\" to Application",
    "start": 1649858546240,
    "end": 1649858546245,
    "duration": 5,
    "pid": 16152,
    "index": 71
  },
  {
    "name": "Load Router",
    "start": 1649858546245,
    "end": 1649858546250,
    "duration": 5,
    "pid": 16152,
    "index": 72
  },
  {
    "name": "Require(53) app/router.js",
    "start": 1649858546245,
    "end": 1649858546246,
    "duration": 1,
    "pid": 16152,
    "index": 73
  },
  {
    "name": "Before Start in node_modules/egg-core/lib/egg.js:303:10",
    "start": 1649858546246,
    "end": 1649858546312,
    "duration": 66,
    "pid": 16152,
    "index": 74
  },
  {
    "name": "Load \"model\" to Application",
    "start": 1649858546268,
    "end": 1649858546311,
    "duration": 43,
    "pid": 16152,
    "index": 75
  }
]