[
  {
    "name": "Process Start",
    "start": 1649858711798,
    "end": 1649858713253,
    "duration": 1455,
    "pid": 14244,
    "index": 0
  },
  {
    "name": "Application Start",
    "start": 1649858713254,
    "end": 1649858714470,
    "duration": 1216,
    "pid": 14244,
    "index": 1
  },
  {
    "name": "Load Plugin",
    "start": 1649858713260,
    "end": 1649858713284,
    "duration": 24,
    "pid": 14244,
    "index": 2
  },
  {
    "name": "Load Config",
    "start": 1649858713285,
    "end": 1649858713313,
    "duration": 28,
    "pid": 14244,
    "index": 3
  },
  {
    "name": "Require(0) config/config.default.js",
    "start": 1649858713285,
    "end": 1649858713286,
    "duration": 1,
    "pid": 14244,
    "index": 4
  },
  {
    "name": "Require(1) node_modules/egg-session/config/config.default.js",
    "start": 1649858713288,
    "end": 1649858713288,
    "duration": 0,
    "pid": 14244,
    "index": 5
  },
  {
    "name": "Require(2) node_modules/egg-security/config/config.default.js",
    "start": 1649858713289,
    "end": 1649858713290,
    "duration": 1,
    "pid": 14244,
    "index": 6
  },
  {
    "name": "Require(3) node_modules/egg-jsonp/config/config.default.js",
    "start": 1649858713291,
    "end": 1649858713291,
    "duration": 0,
    "pid": 14244,
    "index": 7
  },
  {
    "name": "Require(4) node_modules/egg-onerror/config/config.default.js",
    "start": 1649858713292,
    "end": 1649858713292,
    "duration": 0,
    "pid": 14244,
    "index": 8
  },
  {
    "name": "Require(5) node_modules/egg-i18n/config/config.default.js",
    "start": 1649858713293,
    "end": 1649858713293,
    "duration": 0,
    "pid": 14244,
    "index": 9
  },
  {
    "name": "Require(6) node_modules/egg-watcher/config/config.default.js",
    "start": 1649858713294,
    "end": 1649858713295,
    "duration": 1,
    "pid": 14244,
    "index": 10
  },
  {
    "name": "Require(7) node_modules/egg-schedule/config/config.default.js",
    "start": 1649858713295,
    "end": 1649858713296,
    "duration": 1,
    "pid": 14244,
    "index": 11
  },
  {
    "name": "Require(8) node_modules/egg-multipart/config/config.default.js",
    "start": 1649858713296,
    "end": 1649858713297,
    "duration": 1,
    "pid": 14244,
    "index": 12
  },
  {
    "name": "Require(9) node_modules/egg-development/config/config.default.js",
    "start": 1649858713298,
    "end": 1649858713299,
    "duration": 1,
    "pid": 14244,
    "index": 13
  },
  {
    "name": "Require(10) node_modules/egg-logrotator/config/config.default.js",
    "start": 1649858713299,
    "end": 1649858713300,
    "duration": 1,
    "pid": 14244,
    "index": 14
  },
  {
    "name": "Require(11) node_modules/egg-static/config/config.default.js",
    "start": 1649858713300,
    "end": 1649858713301,
    "duration": 1,
    "pid": 14244,
    "index": 15
  },
  {
    "name": "Require(12) node_modules/egg-view/config/config.default.js",
    "start": 1649858713301,
    "end": 1649858713302,
    "duration": 1,
    "pid": 14244,
    "index": 16
  },
  {
    "name": "Require(13) node_modules/egg-mongoose/config/config.default.js",
    "start": 1649858713302,
    "end": 1649858713303,
    "duration": 1,
    "pid": 14244,
    "index": 17
  },
  {
    "name": "Require(14) node_modules/egg-validate/config/config.default.js",
    "start": 1649858713303,
    "end": 1649858713304,
    "duration": 1,
    "pid": 14244,
    "index": 18
  },
  {
    "name": "Require(15) node_modules/egg-cors/config/config.default.js",
    "start": 1649858713304,
    "end": 1649858713305,
    "duration": 1,
    "pid": 14244,
    "index": 19
  },
  {
    "name": "Require(16) node_modules/egg/config/config.default.js",
    "start": 1649858713305,
    "end": 1649858713306,
    "duration": 1,
    "pid": 14244,
    "index": 20
  },
  {
    "name": "Require(17) config/config.default.js",
    "start": 1649858713307,
    "end": 1649858713307,
    "duration": 0,
    "pid": 14244,
    "index": 21
  },
  {
    "name": "Require(18) node_modules/egg-security/config/config.local.js",
    "start": 1649858713308,
    "end": 1649858713308,
    "duration": 0,
    "pid": 14244,
    "index": 22
  },
  {
    "name": "Require(19) node_modules/egg-watcher/config/config.local.js",
    "start": 1649858713309,
    "end": 1649858713310,
    "duration": 1,
    "pid": 14244,
    "index": 23
  },
  {
    "name": "Require(20) node_modules/egg-view/config/config.local.js",
    "start": 1649858713311,
    "end": 1649858713311,
    "duration": 0,
    "pid": 14244,
    "index": 24
  },
  {
    "name": "Require(21) node_modules/egg/config/config.local.js",
    "start": 1649858713312,
    "end": 1649858713313,
    "duration": 1,
    "pid": 14244,
    "index": 25
  },
  {
    "name": "Load extend/application.js",
    "start": 1649858713315,
    "end": 1649858713337,
    "duration": 22,
    "pid": 14244,
    "index": 26
  },
  {
    "name": "Require(22) node_modules/egg-session/app/extend/application.js",
    "start": 1649858713315,
    "end": 1649858713316,
    "duration": 1,
    "pid": 14244,
    "index": 27
  },
  {
    "name": "Require(23) node_modules/egg-security/app/extend/application.js",
    "start": 1649858713316,
    "end": 1649858713318,
    "duration": 2,
    "pid": 14244,
    "index": 28
  },
  {
    "name": "Require(24) node_modules/egg-jsonp/app/extend/application.js",
    "start": 1649858713318,
    "end": 1649858713319,
    "duration": 1,
    "pid": 14244,
    "index": 29
  },
  {
    "name": "Require(25) node_modules/egg-logrotator/app/extend/application.js",
    "start": 1649858713323,
    "end": 1649858713330,
    "duration": 7,
    "pid": 14244,
    "index": 30
  },
  {
    "name": "Require(26) node_modules/egg-view/app/extend/application.js",
    "start": 1649858713331,
    "end": 1649858713333,
    "duration": 2,
    "pid": 14244,
    "index": 31
  },
  {
    "name": "Load extend/request.js",
    "start": 1649858713337,
    "end": 1649858713346,
    "duration": 9,
    "pid": 14244,
    "index": 32
  },
  {
    "name": "Require(27) node_modules/egg/app/extend/request.js",
    "start": 1649858713341,
    "end": 1649858713342,
    "duration": 1,
    "pid": 14244,
    "index": 33
  },
  {
    "name": "Load extend/response.js",
    "start": 1649858713346,
    "end": 1649858713355,
    "duration": 9,
    "pid": 14244,
    "index": 34
  },
  {
    "name": "Require(28) node_modules/egg/app/extend/response.js",
    "start": 1649858713349,
    "end": 1649858713351,
    "duration": 2,
    "pid": 14244,
    "index": 35
  },
  {
    "name": "Load extend/context.js",
    "start": 1649858713355,
    "end": 1649858713446,
    "duration": 91,
    "pid": 14244,
    "index": 36
  },
  {
    "name": "Require(29) node_modules/egg-security/app/extend/context.js",
    "start": 1649858713355,
    "end": 1649858713370,
    "duration": 15,
    "pid": 14244,
    "index": 37
  },
  {
    "name": "Require(30) node_modules/egg-jsonp/app/extend/context.js",
    "start": 1649858713371,
    "end": 1649858713372,
    "duration": 1,
    "pid": 14244,
    "index": 38
  },
  {
    "name": "Require(31) node_modules/egg-i18n/app/extend/context.js",
    "start": 1649858713373,
    "end": 1649858713373,
    "duration": 0,
    "pid": 14244,
    "index": 39
  },
  {
    "name": "Require(32) node_modules/egg-multipart/app/extend/context.js",
    "start": 1649858713374,
    "end": 1649858713435,
    "duration": 61,
    "pid": 14244,
    "index": 40
  },
  {
    "name": "Require(33) node_modules/egg-view/app/extend/context.js",
    "start": 1649858713436,
    "end": 1649858713437,
    "duration": 1,
    "pid": 14244,
    "index": 41
  },
  {
    "name": "Require(34) node_modules/egg-mongoose/app/extend/context.js",
    "start": 1649858713438,
    "end": 1649858713438,
    "duration": 0,
    "pid": 14244,
    "index": 42
  },
  {
    "name": "Require(35) node_modules/egg-validate/app/extend/context.js",
    "start": 1649858713439,
    "end": 1649858713439,
    "duration": 0,
    "pid": 14244,
    "index": 43
  },
  {
    "name": "Require(36) node_modules/egg/app/extend/context.js",
    "start": 1649858713440,
    "end": 1649858713442,
    "duration": 2,
    "pid": 14244,
    "index": 44
  },
  {
    "name": "Load extend/helper.js",
    "start": 1649858713446,
    "end": 1649858713503,
    "duration": 57,
    "pid": 14244,
    "index": 45
  },
  {
    "name": "Require(37) node_modules/egg-security/app/extend/helper.js",
    "start": 1649858713446,
    "end": 1649858713466,
    "duration": 20,
    "pid": 14244,
    "index": 46
  },
  {
    "name": "Require(38) node_modules/egg/app/extend/helper.js",
    "start": 1649858713469,
    "end": 1649858713469,
    "duration": 0,
    "pid": 14244,
    "index": 47
  },
  {
    "name": "Require(39) app/extend/helper.js",
    "start": 1649858713470,
    "end": 1649858713498,
    "duration": 28,
    "pid": 14244,
    "index": 48
  },
  {
    "name": "Load app.js",
    "start": 1649858713503,
    "end": 1649858713554,
    "duration": 51,
    "pid": 14244,
    "index": 49
  },
  {
    "name": "Require(40) node_modules/egg-session/app.js",
    "start": 1649858713504,
    "end": 1649858713504,
    "duration": 0,
    "pid": 14244,
    "index": 50
  },
  {
    "name": "Require(41) node_modules/egg-security/app.js",
    "start": 1649858713505,
    "end": 1649858713507,
    "duration": 2,
    "pid": 14244,
    "index": 51
  },
  {
    "name": "Require(42) node_modules/egg-onerror/app.js",
    "start": 1649858713508,
    "end": 1649858713518,
    "duration": 10,
    "pid": 14244,
    "index": 52
  },
  {
    "name": "Require(43) node_modules/egg-i18n/app.js",
    "start": 1649858713518,
    "end": 1649858713530,
    "duration": 12,
    "pid": 14244,
    "index": 53
  },
  {
    "name": "Require(44) node_modules/egg-watcher/app.js",
    "start": 1649858713534,
    "end": 1649858713540,
    "duration": 6,
    "pid": 14244,
    "index": 54
  },
  {
    "name": "Require(45) node_modules/egg-schedule/app.js",
    "start": 1649858713540,
    "end": 1649858713543,
    "duration": 3,
    "pid": 14244,
    "index": 55
  },
  {
    "name": "Require(46) node_modules/egg-multipart/app.js",
    "start": 1649858713544,
    "end": 1649858713545,
    "duration": 1,
    "pid": 14244,
    "index": 56
  },
  {
    "name": "Require(47) node_modules/egg-development/app.js",
    "start": 1649858713545,
    "end": 1649858713546,
    "duration": 1,
    "pid": 14244,
    "index": 57
  },
  {
    "name": "Require(48) node_modules/egg-logrotator/app.js",
    "start": 1649858713547,
    "end": 1649858713547,
    "duration": 0,
    "pid": 14244,
    "index": 58
  },
  {
    "name": "Require(49) node_modules/egg-static/app.js",
    "start": 1649858713548,
    "end": 1649858713548,
    "duration": 0,
    "pid": 14244,
    "index": 59
  },
  {
    "name": "Require(50) node_modules/egg-mongoose/app.js",
    "start": 1649858713549,
    "end": 1649858713550,
    "duration": 1,
    "pid": 14244,
    "index": 60
  },
  {
    "name": "Require(51) node_modules/egg-validate/app.js",
    "start": 1649858713550,
    "end": 1649858713552,
    "duration": 2,
    "pid": 14244,
    "index": 61
  },
  {
    "name": "Require(52) node_modules/egg-cors/app.js",
    "start": 1649858713553,
    "end": 1649858713553,
    "duration": 0,
    "pid": 14244,
    "index": 62
  },
  {
    "name": "Before Start in node_modules/egg-watcher/lib/init.js:15:14",
    "start": 1649858713565,
    "end": 1649858714468,
    "duration": 903,
    "pid": 14244,
    "index": 63
  },
  {
    "name": "Before Start in node_modules/egg-mongoose/lib/mongoose.js:104:7",
    "start": 1649858714187,
    "end": 1649858714466,
    "duration": 279,
    "pid": 14244,
    "index": 64
  },
  {
    "name": "Before Start in node_modules/egg-mongoose/lib/mongoose.js:52:9",
    "start": 1649858714187,
    "end": 1649858714440,
    "duration": 253,
    "pid": 14244,
    "index": 65
  },
  {
    "name": "Load Service",
    "start": 1649858714187,
    "end": 1649858714246,
    "duration": 59,
    "pid": 14244,
    "index": 66
  },
  {
    "name": "Load \"service\" to Context",
    "start": 1649858714188,
    "end": 1649858714246,
    "duration": 58,
    "pid": 14244,
    "index": 67
  },
  {
    "name": "Load Middleware",
    "start": 1649858714246,
    "end": 1649858714375,
    "duration": 129,
    "pid": 14244,
    "index": 68
  },
  {
    "name": "Load \"middlewares\" to Application",
    "start": 1649858714246,
    "end": 1649858714360,
    "duration": 114,
    "pid": 14244,
    "index": 69
  },
  {
    "name": "Load Controller",
    "start": 1649858714375,
    "end": 1649858714381,
    "duration": 6,
    "pid": 14244,
    "index": 70
  },
  {
    "name": "Load \"controller\" to Application",
    "start": 1649858714375,
    "end": 1649858714381,
    "duration": 6,
    "pid": 14244,
    "index": 71
  },
  {
    "name": "Load Router",
    "start": 1649858714381,
    "end": 1649858714386,
    "duration": 5,
    "pid": 14244,
    "index": 72
  },
  {
    "name": "Require(53) app/router.js",
    "start": 1649858714381,
    "end": 1649858714382,
    "duration": 1,
    "pid": 14244,
    "index": 73
  },
  {
    "name": "Before Start in node_modules/egg-core/lib/egg.js:303:10",
    "start": 1649858714382,
    "end": 1649858714440,
    "duration": 58,
    "pid": 14244,
    "index": 74
  },
  {
    "name": "Load \"model\" to Application",
    "start": 1649858714404,
    "end": 1649858714439,
    "duration": 35,
    "pid": 14244,
    "index": 75
  }
]